,,,,,,,,,,,,,,,,,,,
,,Table 1: Key ASPIRE indicators of  SPL system performance  (Post Transfer - No Adjustments),,,,,,,,,,,,,,,,,
,,Region,Country Code,Income Classification,Country,Year,Coverage   ,,"Benefit Incidence  
 (Poorest 20%)","Average transfer amount
($/day per capita, PPP) ",Adequacy ,,Gini Inequality reduction due to SPL (% of population),Poverty Headcount reduction due to SPL (% of population),Poverty Gap reduction due to SPL (% of population),Benefit- cost ratio of SPL programs,,,
,,,,,,, Poorest quintile, Total, Poorest quintile, Total, Poorest quintile, Total,,,,,,,
,,SAS,AFG,Low income,Afghanistan,2007,23.75,15.73,5.87,0.14,37.88,22.99,0.08,n.a.,n.a.,n.a.,,,
,,SAS,AFG,Low income,Afghanistan,2011,12.47,8.82,n.a.,n.a.,n.a.,n.a.,n.a.,n.a.,n.a.,n.a.,,,
,,ECS,ALB,Upper middle income,Albania,2008,79.14,67.73,13.22,1.93,27.72,23.89,16.60,42.58,65.25,0.32,,,
,,ECS,ALB,Upper middle income,Albania,2012,60.59,54.89,13.46,2.14,34.80,27.99,14.66,38.22,60.96,0.31,,,
,,ECS,ALB,Upper middle income,Albania,2015,4.02,4.72,n.a.,n.a.,n.a.,n.a.,n.a.,n.a.,n.a.,n.a.,,,
,,ECS,ALB,Upper middle income,Albania,2016,5.22,5.83,n.a.,n.a.,n.a.,n.a.,n.a.,n.a.,n.a.,n.a.,,,
,,ECS,ALB,Upper middle income,Albania,2017,53.79,49.63,n.a.,n.a.,n.a.,n.a.,n.a.,n.a.,n.a.,n.a.,,,
,,ECS,ALB,Upper middle income,Albania,2018,58.84,48.50,n.a.,n.a.,n.a.,n.a.,n.a.,n.a.,n.a.,n.a.,,,
,,SSF,AGO,Lower middle income,Angola,2018,5.80,10.33,1.16,0.62,10.21,4.94,-0.09,0.38,0.36,0.02,,,
,,LCN,ARG,Upper middle income,Argentina,2006,37.40,33.34,2.78,7.41,49.59,40.86,6.58,26.54,39.07,0.14,,,
,,LCN,ARG,Upper middle income,Argentina,2010,41.30,37.80,5.84,8.19,39.16,37.01,9.77,31.74,49.11,0.20,,,
,,LCN,ARG,Upper middle income,Argentina,2011,48.34,42.14,10.97,7.30,86.35,29.88,7.03,28.50,47.43,0.17,,,
,,LCN,ARG,Upper middle income,Argentina,2012,45.85,41.05,10.40,8.12,89.22,32.79,7.46,27.83,49.91,0.16,,,
,,LCN,ARG,Upper middle income,Argentina,2013,60.38,46.36,6.73,8.42,34.76,38.15,12.00,36.06,54.78,0.21,,,
,,LCN,ARG,Upper middle income,Argentina,2014,57.08,44.69,6.34,9.41,36.25,38.59,7.78,31.38,47.29,0.14,,,
,,LCN,ARG,Upper middle income,Argentina,2016,67.81,52.27,6.16,9.60,33.18,37.85,8.97,34.71,49.86,0.14,,,
,,LCN,ARG,Upper middle income,Argentina,2017,67.60,52.83,5.72,10.78,32.18,39.69,9.32,37.62,50.66,0.14,,,
,,LCN,ARG,Upper middle income,Argentina,2018,70.39,52.85,5.58,9.41,29.91,38.77,8.30,34.73,48.52,0.14,,,
,,LCN,ARG,Upper middle income,Argentina,2019,73.81,54.27,5.83,9.05,31.96,39.04,8.64,35.25,50.32,0.14,,,
,,LCN,ARG,Upper middle income,Argentina,2020,78.71,62.85,7.16,8.10,42.96,39.30,10.44,40.16,56.65,0.15,,,
,,LCN,ARG,Upper middle income,Argentina,2021,73.77,54.62,7.13,7.88,33.57,36.56,8.70,34.33,49.29,0.15,,,
,*New survey*,LCN,ARG,Upper middle income,Argentina,2022,75.48,56.63,8.30,6.69,33.60,34.35,9.15,35.47,51.26,0.17,,,
,,ECS,ARM,Upper middle income,Armenia,2008,70.64,60.86,19.94,2.02,51.08,27.91,20.01,44.60,72.30,0.37,,,
,,ECS,ARM,Upper middle income,Armenia,2009,67.93,60.79,16.71,2.28,53.13,33.98,24.56,50.13,76.44,0.39,,,
,,ECS,ARM,Upper middle income,Armenia,2010,71.20,65.47,17.17,2.05,55.87,34.32,23.96,50.45,77.16,0.38,,,
,,ECS,ARM,Upper middle income,Armenia,2011,68.48,63.58,16.40,2.17,56.74,33.34,22.89,49.98,75.22,0.37,,,
,,ECS,ARM,Upper middle income,Armenia,2012,72.12,65.04,17.63,2.27,60.00,34.87,25.43,49.54,76.99,0.38,,,
,,ECS,ARM,Upper middle income,Armenia,2013,70.21,65.04,16.64,2.22,57.65,32.64,21.77,46.94,73.78,0.35,,,
,,ECS,ARM,Upper middle income,Armenia,2014,73.13,66.76,17.79,2.33,59.81,33.63,23.56,48.29,74.99,0.37,,,
,,ECS,ARM,Upper middle income,Armenia,2015,75.96,66.80,17.17,2.54,61.15,33.62,23.24,47.99,74.73,0.36,,,
,,ECS,ARM,Upper middle income,Armenia,2016,76.86,67.54,17.93,2.61,65.44,33.91,23.06,45.87,74.66,0.35,,,
,,ECS,ARM,Upper middle income,Armenia,2017,78.54,71.13,16.96,2.94,59.67,36.21,25.26,52.26,77.73,0.39,,,
,,ECS,ARM,Upper middle income,Armenia,2018,77.52,67.25,17.17,2.60,61.58,36.37,24.76,51.53,76.30,0.39,,,
,,ECS,ARM,Upper middle income,Armenia,2019,72.61,64.87,13.92,3.03,55.69,40.89,25.72,51.08,76.69,0.36,,,
,*New survey*,ECS,ARM,Upper middle income,Armenia,2020,77.41,68.01,16.63,3.65,71.71,50.81,34.46,55.76,82.37,0.39,,,
,*New survey*,ECS,ARM,Upper middle income,Armenia,2021,76.78,68.15,14.97,3.04,55.55,41.46,28.46,53.40,77.85,0.39,,,
,*New survey*,ECS,ARM,Upper middle income,Armenia,2022,84.96,75.29,16.29,2.96,62.15,40.75,30.94,54.98,80.18,0.38,,,
,,ECS,AZE,Upper middle income,Azerbaijan,2015,72.31,64.64,17.27,0.31,3.93,2.57,2.22,6.42,16.09,0.33,,,
,,SAS,BGD,Lower middle income,Bangladesh,2005,22.52,13.98,15.36,0.69,25.60,27.67,3.44,10.87,31.93,0.28,,,
,,SAS,BGD,Lower middle income,Bangladesh,2010,26.88,19.63,8.73,0.31,5.40,9.12,0.65,5.36,9.90,0.16,,,
,,SAS,BGD,Lower middle income,Bangladesh,2016,55.75,41.35,14.75,0.19,4.36,4.27,0.66,3.78,8.29,0.23,,,
,*New survey*,SAS,BGD,Lower middle income,Bangladesh,2022,70.11,55.56,15.33,0.13,3.66,2.87,0.72,5.28,9.01,0.20,,,
,,ECS,BLR,Upper middle income,Belarus,2008,83.59,74.96,14.75,4.39,51.64,37.20,33.80,54.58,79.93,0.41,,,
,,ECS,BLR,Upper middle income,Belarus,2009,82.81,73.86,14.89,4.15,51.15,36.42,33.77,54.05,79.04,0.43,,,
,,ECS,BLR,Upper middle income,Belarus,2010,80.56,74.35,13.99,5.13,51.06,37.03,34.30,55.16,80.91,0.42,,,
,,ECS,BLR,Upper middle income,Belarus,2012,82.49,77.25,14.54,6.28,57.04,41.13,37.76,57.82,83.31,0.42,,,
,,ECS,BLR,Upper middle income,Belarus,2013,82.27,75.05,15.92,8.02,73.16,48.08,41.38,60.52,84.55,0.44,,,
,,ECS,BLR,Upper middle income,Belarus,2014,80.46,75.40,14.29,8.81,66.34,47.97,41.36,60.93,85.47,0.43,,,
,,ECS,BLR,Upper middle income,Belarus,2015,79.10,75.37,13.11,8.93,65.61,50.90,42.76,62.32,86.09,0.44,,,
,,ECS,BLR,Upper middle income,Belarus,2016,78.68,76.35,16.91,11.56,118.16,72.38,53.37,66.74,89.85,0.44,,,
,,ECS,BLR,Upper middle income,Belarus,2017,80.06,76.42,13.09,8.18,63.62,51.53,45.41,63.45,87.97,0.45,,,
,,ECS,BLR,Upper middle income,Belarus,2018,76.07,73.34,14.08,8.61,66.85,50.07,44.12,62.80,86.23,0.46,,,
,,ECS,BLR,Upper middle income,Belarus,2019,76.40,71.85,14.15,9.55,69.16,53.01,45.41,62.57,86.57,0.47,,,
,,LCN,BLZ,Upper middle income,Belize,2009,42.06,39.41,18.94,0.64,53.07,23.35,2.78,10.71,28.10,0.26,,,
,,SSF,BEN,Lower middle income,Benin,2003,3.60,6.63,2.47,1.64,34.64,39.49,0.03,6.69,17.50,0.12,,,
,,SSF,BEN,Lower middle income,Benin,2018,9.17,10.53,0.53,2.15,32.43,22.62,-0.52,0.93,2.33,0.05,,,
,*New survey*,SSF,BEN,Lower middle income,Benin,2021,5.41,8.66,0.72,1.30,21.71,17.95,-0.28,1.36,2.07,0.07,,,
,,SAS,BTN,Lower middle income,Bhutan,2007,2.76,2.40,15.29,0.06,3.03,2.10,0.01,0.14,0.19,0.22,,,
,,SAS,BTN,Lower middle income,Bhutan,2012,4.12,2.92,1.31,0.97,17.20,27.64,0.17,0.77,2.18,0.18,,,
,,SAS,BTN,Lower middle income,Bhutan,2017,2.89,2.86,n.a.,n.a.,n.a.,n.a.,n.a.,n.a.,n.a.,n.a.,,,
,*New survey*,SAS,BTN,Lower middle income,Bhutan,2022,4.72,8.97,2.42,2.69,17.45,14.38,0.12,1.65,1.85,0.07,,,
,,LCN,BOL,Lower middle income,Bolivia,2006,6.93,16.14,1.63,4.81,44.04,27.63,0.96,9.38,10.32,0.05,,,
,,LCN,BOL,Lower middle income,Bolivia,2007,72.61,58.35,2.05,1.37,36.67,26.67,1.24,12.13,14.59,0.07,,,
,,LCN,BOL,Lower middle income,Bolivia,2008,84.88,73.44,14.67,1.86,55.84,17.39,6.63,23.52,37.17,0.18,,,
,,LCN,BOL,Lower middle income,Bolivia,2009,90.20,79.08,14.64,1.93,58.85,17.23,7.10,25.59,36.39,0.18,,,
,,LCN,BOL,Lower middle income,Bolivia,2011,88.35,76.48,14.58,1.16,36.95,13.26,5.84,20.45,33.23,0.18,,,
,,LCN,BOL,Lower middle income,Bolivia,2012,88.47,76.75,14.73,1.17,38.26,12.88,5.60,20.64,30.57,0.18,,,
,,LCN,BOL,Lower middle income,Bolivia,2014,89.31,78.06,8.09,1.29,13.36,8.41,2.11,10.98,18.36,0.12,,,
,,LCN,BOL,Lower middle income,Bolivia,2015,87.61,76.42,8.28,1.32,13.80,8.43,2.00,11.82,19.30,0.13,,,
,,LCN,BOL,Lower middle income,Bolivia,2016,90.15,84.33,7.12,1.50,13.83,9.71,1.63,11.23,17.62,0.11,,,
,,LCN,BOL,Lower middle income,Bolivia,2017,90.86,83.02,9.94,1.59,19.08,10.16,2.88,12.45,23.52,0.15,,,
,,LCN,BOL,Lower middle income,Bolivia,2018,90.54,83.61,8.99,1.70,16.28,10.79,2.24,12.23,23.37,0.14,,,
,,LCN,BOL,Lower middle income,Bolivia,2019,89.59,77.99,6.08,2.04,11.51,12.31,1.62,14.24,23.03,0.12,,,
,,LCN,BOL,Lower middle income,Bolivia,2020,99.62,97.99,8.55,1.96,19.32,10.63,4.99,23.96,33.56,0.15,,,
,*New survey*,LCN,BOL,Lower middle income,Bolivia,2021,99.34,96.94,9.77,1.72,17.13,9.43,3.80,20.44,31.16,0.15,,,
,,ECS,BIH,Upper middle income,Bosnia and Herzegovina,2007,57.27,57.62,12.41,3.90,30.16,17.87,9.44,30.80,47.54,0.23,,,
,,ECS,BIH,Upper middle income,Bosnia and Herzegovina,2015,52.65,50.35,11.78,6.19,44.99,32.45,16.11,42.54,62.17,0.29,,,
,,SSF,BWA,Upper middle income,Botswana,2009,91.63,73.77,12.82,0.69,22.53,9.53,3.92,20.02,38.36,0.19,,,
,,SSF,BWA,Upper middle income,Botswana,2015,65.57,55.44,7.90,1.13,31.43,26.05,4.54,24.43,40.31,0.16,,,
,,LCN,BRA,Upper middle income,Brazil,2006,67.57,53.93,1.50,4.80,66.32,46.67,5.25,32.38,44.74,0.08,,,
,,LCN,BRA,Upper middle income,Brazil,2009,33.87,45.46,2.48,6.57,46.35,40.97,7.53,36.31,50.82,0.11,,,
,,LCN,BRA,Upper middle income,Brazil,2011,35.94,45.34,2.64,6.80,42.82,40.60,8.55,37.77,52.26,0.13,,,
,,LCN,BRA,Upper middle income,Brazil,2012,36.77,46.38,2.86,7.11,42.82,39.47,9.14,38.62,53.84,0.14,,,
,,LCN,BRA,Upper middle income,Brazil,2015,68.30,53.81,4.16,6.71,36.09,44.76,10.32,41.56,57.43,0.15,,,
,,LCN,BRA,Upper middle income,Brazil,2016,68.86,50.75,4.31,7.46,36.38,40.80,7.82,37.37,51.42,0.12,,,
,,LCN,BRA,Upper middle income,Brazil,2017,67.52,50.49,4.26,7.72,38.71,41.30,7.97,37.38,51.10,0.12,,,
,,LCN,BRA,Upper middle income,Brazil,2018,68.46,50.93,3.99,8.14,37.81,41.80,7.91,38.48,51.54,0.12,,,
,,LCN,BRA,Upper middle income,Brazil,2019,67.50,50.53,3.82,8.30,37.27,42.33,7.85,37.65,50.24,0.11,,,
,,LCN,BRA,Upper middle income,Brazil,2020,84.24,69.15,9.15,6.97,56.83,41.91,16.47,52.57,69.86,0.23,,,
,*New survey*,LCN,BRA,Upper middle income,Brazil,2021,67.64,52.55,4.67,6.42,38.33,39.82,7.89,37.72,48.49,0.12,,,
,*New survey*,LCN,BRA,Upper middle income,Brazil,2022,69.64,52.26,6.24,7.49,47.13,41.43,9.99,40.87,57.71,0.16,,,
,,ECS,BGR,High income,Bulgaria,2007,86.93,73.61,18.18,3.77,53.88,32.19,28.08,51.14,72.23,0.39,,,
,,SSF,BFA,Low income,Burkina Faso,2003,31.49,34.27,2.71,0.19,106.05,50.21,1.04,6.76,19.06,0.15,,,
,,SSF,BFA,Low income,Burkina Faso,2009,n.a.,n.a.,n.a.,n.a.,n.a.,n.a.,n.a.,n.a.,n.a.,n.a.,,,
,,SSF,BFA,Low income,Burkina Faso,2014,1.83,4.28,1.50,1.03,32.18,17.15,-0.41,0.82,1.39,0.03,,,
,,SSF,BFA,Low income,Burkina Faso,2018,11.03,18.40,0.04,1.16,0.67,13.91,-0.75,0.43,0.45,0.01,,,
,*New survey*,SSF,BFA,Low income,Burkina Faso,2021,47.06,42.93,0.05,1.06,1.25,12.44,-0.52,0.55,0.39,0.02,,,
,*New survey*,SSF,BDI,Low income,Burundi,2019,11.49,9.19,0.23,0.51,8.26,1.18,0.01,0.20,0.12,0.01,,,
,,SSF,CPV,Lower middle income,Cabo Verde,2007,33.83,29.68,7.59,1.29,20.25,14.74,2.20,14.50,28.31,0.17,,,
,,EAS,KHM,Lower middle income,Cambodia,2008,1.34,2.65,1.49,0.54,3.86,6.39,0.01,0.81,0.91,0.09,,,
,,EAS,KHM,Lower middle income,Cambodia,2013,0.92,3.09,0.10,0.71,1.56,12.54,-0.06,1.48,1.40,0.09,,,
,,SSF,CMR,Lower middle income,Cameroon,2007,1.14,4.04,1.63,1.64,32.71,26.93,0.22,3.34,7.86,0.10,,,
,,SSF,CMR,Lower middle income,Cameroon,2014,1.05,5.01,0.72,0.23,2.91,3.13,0.00,0.12,0.42,0.04,,,
,*New survey*,SSF,CMR,Lower middle income,Cameroon,2021,13.95,12.65,0.82,0.49,4.54,5.69,-0.12,0.26,0.32,0.02,,,
,,SSF,CAF,Low income,Central African Republic,2008,n.a.,n.a.,n.a.,n.a.,n.a.,n.a.,n.a.,n.a.,n.a.,n.a.,,,
,,SSF,TCD,Low income,Chad,2011,0.73,2.97,1.58,1.21,41.18,24.52,0.49,2.52,4.70,0.13,,,
,*New survey*,SSF,TCD,Low income,Chad,2018,7.23,9.22,6.52,0.57,42.59,9.84,-0.07,0.32,0.99,0.07,,,
,*New survey*,SSF,TCD,Low income,Chad,2022,6.98,11.28,8.56,0.74,97.94,9.98,-0.08,0.24,1.05,0.08,,,
,,LCN,CHL,High income,Chile,2006,96.32,89.69,7.93,1.67,23.08,18.72,5.97,27.82,44.26,0.19,,,
,,LCN,CHL,High income,Chile,2009,96.51,90.44,9.97,1.97,25.38,17.54,7.73,33.01,50.80,0.24,,,
,,LCN,CHL,High income,Chile,2011,95.84,83.43,9.77,1.91,22.17,18.12,6.58,28.34,45.56,0.23,,,
,,LCN,CHL,High income,Chile,2013,96.34,88.54,9.46,1.96,20.29,18.76,6.95,28.33,43.53,0.20,,,
,,LCN,CHL,High income,Chile,2015,94.16,87.72,7.59,1.67,14.93,15.26,2.33,16.34,25.26,0.12,,,
,,LCN,CHL,High income,Chile,2017,97.68,92.42,9.19,3.45,18.65,17.76,7.40,32.47,47.28,0.19,,,
,,LCN,CHL,High income,Chile,2020,88.93,77.74,11.07,4.53,29.89,23.70,11.09,41.69,56.69,0.23,,,
,*New survey*,LCN,CHL,High income,Chile,2022,95.57,85.59,9.98,6.12,30.86,28.27,13.64,40.57,62.36,0.28,,,
,,EAS,CHN,Upper middle income,China,2013,75.00,63.05,3.00,3.36,17.03,36.83,11.61,37.32,61.99,0.16,,,
,,LCN,COL,Upper middle income,Colombia,2010,66.65,52.30,3.80,2.34,15.72,18.83,0.12,8.56,16.07,0.06,,,
,,LCN,COL,Upper middle income,Colombia,2011,63.59,51.60,3.02,2.53,16.70,16.94,0.16,7.22,14.13,0.04,,,
,,LCN,COL,Upper middle income,Colombia,2012,61.34,48.86,2.84,2.66,13.96,19.40,-0.40,7.20,12.99,0.04,,,
,,LCN,COL,Upper middle income,Colombia,2014,81.63,65.68,2.99,1.68,13.06,25.30,0.46,12.10,16.62,0.05,,,
,,LCN,COL,Upper middle income,Colombia,2015,53.14,36.26,3.58,3.76,16.42,28.32,-0.11,13.20,20.79,0.06,,,
,,LCN,COL,Upper middle income,Colombia,2016,49.95,34.45,3.16,3.87,15.02,29.62,-0.33,12.58,19.65,0.06,,,
,,LCN,COL,Upper middle income,Colombia,2017,48.83,33.63,0.48,3.76,2.09,27.92,-1.64,8.13,11.48,0.03,,,
,,LCN,COL,Upper middle income,Colombia,2018,46.56,32.54,0.47,4.14,2.30,29.17,-1.70,7.98,11.63,0.03,,,
,,LCN,COL,Upper middle income,Colombia,2019,43.59,31.54,0.40,4.33,2.26,30.19,-1.57,7.94,11.02,0.03,,,
,,LCN,COL,Upper middle income,Colombia,2020,33.18,31.81,1.82,5.36,19.82,36.93,-0.30,15.46,23.28,0.05,,,
,*New survey*,LCN,COL,Upper middle income,Colombia,2021,52.71,41.46,0.85,3.16,4.07,26.14,-1.18,9.20,14.11,0.04,,,
,*New survey*,LCN,COL,Upper middle income,Colombia,2022,54.33,40.98,0.41,3.63,2.01,25.34,-1.19,6.98,9.18,0.02,,,
,,SSF,COM,Lower middle income,Comoros,2004,0.89,1.98,0.62,1.54,5.44,13.22,0.11,0.66,0.85,0.04,,,
,*New survey*,SSF,COM,Lower middle income,Comoros,2020,7.83,7.67,0.70,0.59,2.05,5.73,-0.05,0.30,0.91,0.09,,,
,,SSF,COD,Low income,"Congo, Dem. Rep.",2004,0.59,1.51,1.75,0.31,20.37,16.97,0.05,0.54,1.75,0.10,,,
,,SSF,COD,Low income,"Congo, Dem. Rep.",2012,5.48,11.06,3.45,1.09,64.40,38.26,0.67,10.03,20.91,0.11,,,
,,SSF,COG,Lower middle income,"Congo, Rep.",2005,4.89,8.91,4.62,2.47,126.17,66.99,3.04,13.01,29.92,0.12,,,
,,LCN,CRI,Upper middle income,Costa Rica,2008,84.64,70.17,5.75,2.13,52.02,38.09,3.08,18.20,34.44,0.16,,,
,,LCN,CRI,Upper middle income,Costa Rica,2009,84.73,72.68,n.a.,n.a.,n.a.,n.a.,n.a.,n.a.,n.a.,n.a.,,,
,,LCN,CRI,Upper middle income,Costa Rica,2010,82.23,67.15,5.66,2.77,25.11,27.06,1.88,19.06,28.33,0.11,,,
,,LCN,CRI,Upper middle income,Costa Rica,2011,82.98,67.95,5.59,2.68,23.33,26.05,2.15,18.97,27.37,0.11,,,
,,LCN,CRI,Upper middle income,Costa Rica,2012,80.14,67.33,5.41,2.85,24.96,24.66,2.20,19.33,27.07,0.10,,,
,,LCN,CRI,Upper middle income,Costa Rica,2014,83.21,66.63,5.18,3.23,28.20,28.67,1.67,18.07,27.94,0.10,,,
,,LCN,CRI,Upper middle income,Costa Rica,2015,86.04,72.01,5.55,2.88,28.58,30.16,2.34,19.80,27.90,0.11,,,
,,LCN,CRI,Upper middle income,Costa Rica,2016,86.64,73.21,5.48,3.35,30.11,32.24,3.38,22.74,33.70,0.12,,,
,,LCN,CRI,Upper middle income,Costa Rica,2017,88.55,74.55,7.12,6.30,30.28,30.66,4.38,26.09,40.90,0.14,,,
,,LCN,CRI,Upper middle income,Costa Rica,2018,89.26,73.96,6.98,6.15,30.88,30.36,4.31,26.90,39.03,0.13,,,
,,LCN,CRI,Upper middle income,Costa Rica,2019,88.92,73.57,6.54,6.50,29.00,32.44,4.35,27.16,42.52,0.13,,,
,,LCN,CRI,Upper middle income,Costa Rica,2020,93.14,82.91,9.55,6.43,58.76,36.86,10.02,41.35,59.12,0.17,,,
,*New survey*,LCN,CRI,Upper middle income,Costa Rica,2021,87.07,71.04,5.54,7.33,31.32,34.29,4.66,30.24,44.56,0.12,,,
,*New survey*,LCN,CRI,Upper middle income,Costa Rica,2022,86.75,70.90,5.75,7.19,30.33,34.66,4.38,29.04,44.12,0.12,,,
,,ECS,HRV,High income,Croatia,2008,83.73,67.99,14.93,9.56,46.07,32.67,23.86,52.14,75.30,0.37,,,
,,ECS,HRV,High income,Croatia,2010,81.76,70.72,13.13,9.71,45.34,39.52,29.02,56.60,79.43,0.37,,,
,,ECS,HRV,High income,Croatia,2011,82.23,70.48,12.90,n.a.,49.69,43.76,31.72,59.04,79.64,0.38,,,
,,ECS,HRV,High income,Croatia,2014,87.68,71.06,12.44,n.a.,43.30,41.83,30.10,56.45,79.59,0.36,,,
,,SSF,CIV,Lower middle income,Côte d’Ivoire,2002,27.68,25.30,5.75,0.48,11.46,14.43,1.05,7.03,14.27,0.15,,,
,,SSF,CIV,Lower middle income,Côte d’Ivoire,2008,30.28,32.40,3.92,0.33,57.80,26.81,0.76,6.30,11.88,0.13,,,
,,SSF,CIV,Lower middle income,Côte d’Ivoire,2015,39.45,32.86,6.63,0.44,75.38,47.54,1.67,8.30,18.50,0.16,,,
,,SSF,CIV,Lower middle income,Côte d’Ivoire,2018,4.47,9.05,11.87,1.40,35.54,2.94,0.00,0.23,0.66,0.10,,,
,*New survey*,SSF,CIV,Lower middle income,Côte d’Ivoire,2021,4.45,9.00,0.59,2.06,9.59,24.27,-0.26,2.08,5.19,0.09,,,
,,MEA,DJI,Lower middle income,Djibouti,2002,2.38,2.95,n.a.,n.a.,n.a.,n.a.,n.a.,n.a.,n.a.,n.a.,,,
,,MEA,DJI,Lower middle income,Djibouti,2012,35.65,20.94,10.28,1.01,28.90,28.95,2.59,9.10,17.70,0.19,,,
,,LCN,DMA,Upper middle income,Dominica,2002,26.05,20.84,1.71,2.44,36.14,28.88,0.81,10.90,13.48,0.04,,,
,,LCN,DOM,Upper middle income,Dominican Republic,2007,20.82,15.24,5.54,1.61,14.94,17.65,0.33,5.76,8.63,0.10,,,
,,LCN,DOM,Upper middle income,Dominican Republic,2008,34.88,23.15,9.07,1.20,14.86,14.83,0.70,6.70,13.25,0.13,,,
,,LCN,DOM,Upper middle income,Dominican Republic,2009,38.84,29.70,8.48,1.06,13.23,12.73,1.24,9.31,14.16,0.13,,,
,,LCN,DOM,Upper middle income,Dominican Republic,2010,42.02,32.73,8.92,1.15,14.72,12.35,1.62,9.86,18.35,0.15,,,
,,LCN,DOM,Upper middle income,Dominican Republic,2011,39.25,31.28,7.90,1.26,14.11,12.87,1.06,9.47,15.08,0.12,,,
,,LCN,DOM,Upper middle income,Dominican Republic,2012,42.17,35.55,8.28,1.16,13.60,12.49,1.04,10.17,16.32,0.12,,,
,,LCN,DOM,Upper middle income,Dominican Republic,2013,36.16,33.04,7.32,1.38,14.89,13.39,1.16,11.06,17.04,0.12,,,
,,LCN,DOM,Upper middle income,Dominican Republic,2014,41.59,34.53,8.50,1.29,13.31,12.72,1.76,10.76,17.50,0.14,,,
,,LCN,DOM,Upper middle income,Dominican Republic,2015,41.45,31.05,8.79,1.46,13.55,13.41,2.00,9.25,16.81,0.14,,,
,,LCN,DOM,Upper middle income,Dominican Republic,2016,77.64,59.14,7.03,0.95,12.88,12.75,1.57,11.85,17.31,0.13,,,
,,LCN,DOM,Upper middle income,Dominican Republic,2017,66.02,52.26,13.88,1.02,13.03,9.04,2.57,14.27,22.48,0.19,,,
,,LCN,DOM,Upper middle income,Dominican Republic,2018,66.69,53.24,11.23,1.30,12.68,10.65,2.10,15.07,22.85,0.16,,,
,,LCN,DOM,Upper middle income,Dominican Republic,2019,59.23,49.56,4.20,1.59,9.80,16.09,-0.49,10.63,14.98,0.08,,,
,*New survey*,LCN,DOM,Upper middle income,Dominican Republic,2021,57.10,51.07,11.69,1.45,16.51,12.57,3.38,18.25,26.98,0.17,,,
,,LCN,ECU,Upper middle income,Ecuador,2008,84.67,63.09,9.68,1.10,24.77,20.84,2.95,17.07,28.14,0.15,,,
,,LCN,ECU,Upper middle income,Ecuador,2010,86.20,70.42,7.76,1.32,26.30,24.15,3.38,20.15,32.11,0.14,,,
,,LCN,ECU,Upper middle income,Ecuador,2011,60.06,44.93,8.23,2.25,27.40,26.30,3.29,19.70,31.90,0.15,,,
,,LCN,ECU,Upper middle income,Ecuador,2012,89.55,73.98,8.75,1.53,26.03,24.53,4.06,22.12,34.61,0.15,,,
,,LCN,ECU,Upper middle income,Ecuador,2014,92.78,76.33,7.04,1.13,22.27,22.37,1.16,12.17,20.47,0.11,,,
,,LCN,ECU,Upper middle income,Ecuador,2015,91.87,74.97,6.48,1.28,23.02,24.15,0.92,13.66,20.95,0.10,,,
,,LCN,ECU,Upper middle income,Ecuador,2016,88.53,73.80,6.70,1.36,31.13,32.35,3.15,17.61,31.79,0.16,,,
,,LCN,ECU,Upper middle income,Ecuador,2017,90.79,74.96,6.37,3.48,22.41,25.10,0.55,13.72,21.06,0.10,,,
,,LCN,ECU,Upper middle income,Ecuador,2018,47.47,32.07,5.89,4.20,25.10,28.61,-0.31,13.78,23.53,0.09,,,
,,LCN,ECU,Upper middle income,Ecuador,2019,49.08,33.62,5.51,4.25,24.57,29.89,0.04,16.03,25.79,0.09,,,
,,LCN,ECU,Upper middle income,Ecuador,2020,57.68,46.20,10.00,1.62,25.32,14.03,3.55,18.32,24.51,0.15,,,
,*New survey*,LCN,ECU,Upper middle income,Ecuador,2021,65.49,44.66,6.82,3.37,25.49,28.33,1.76,24.03,30.23,0.11,,,
,*New survey*,LCN,ECU,Upper middle income,Ecuador,2022,57.77,41.09,6.73,3.70,25.73,28.37,1.56,18.68,31.40,0.10,,,
,,MEA,EGY,Lower middle income,"Egypt, Arab Rep.",2008,60.29,55.45,7.17,1.61,14.96,21.03,6.46,29.46,52.13,0.22,,,
,,MEA,EGY,Lower middle income,"Egypt, Arab Rep.",2017,95.77,92.28,n.a.,n.a.,n.a.,n.a.,n.a.,n.a.,n.a.,n.a.,,,
,*New survey*,MEA,EGY,Lower middle income,"Egypt, Arab Rep.",2019,94.09,87.88,n.a.,n.a.,n.a.,n.a.,n.a.,n.a.,n.a.,n.a.,,,
,,LCN,SLV,Upper middle income,El Salvador,2007,53.19,34.91,0.96,0.85,48.46,28.68,-0.56,3.78,4.07,0.04,,,
,,LCN,SLV,Upper middle income,El Salvador,2008,56.63,39.67,2.88,0.71,20.44,28.37,0.07,4.57,7.76,0.07,,,
,,LCN,SLV,Upper middle income,El Salvador,2009,68.02,48.20,2.54,0.73,12.03,27.31,-0.32,5.70,7.88,0.06,,,
,,LCN,SLV,Upper middle income,El Salvador,2010,78.79,62.34,2.99,0.54,12.92,26.56,-0.68,4.71,7.56,0.06,,,
,,LCN,SLV,Upper middle income,El Salvador,2011,75.43,58.05,3.33,0.53,11.62,24.05,-0.57,6.14,9.19,0.08,,,
,,LCN,SLV,Upper middle income,El Salvador,2012,93.23,89.60,1.04,0.34,3.59,24.63,-0.73,4.52,5.97,0.05,,,
,,LCN,SLV,Upper middle income,El Salvador,2014,72.66,58.09,2.38,0.64,11.76,25.86,-0.76,5.68,7.86,0.06,,,
,,LCN,SLV,Upper middle income,El Salvador,2015,93.91,89.11,1.58,0.38,44.77,32.27,-1.39,2.92,5.39,0.04,,,
,,LCN,SLV,Upper middle income,El Salvador,2016,93.27,89.41,0.80,0.37,38.15,32.05,-1.45,3.48,4.36,0.04,,,
,,LCN,SLV,Upper middle income,El Salvador,2017,91.89,84.59,0.70,5.90,38.49,30.00,-1.51,3.84,5.52,0.05,,,
,,LCN,SLV,Upper middle income,El Salvador,2018,91.53,82.79,1.15,6.05,32.48,30.18,-1.38,3.50,5.22,0.04,,,
,,LCN,SLV,Upper middle income,El Salvador,2019,91.04,85.50,1.16,0.48,32.60,31.18,-1.21,3.84,5.32,0.04,,,
,*New survey*,LCN,SLV,Upper middle income,El Salvador,2021,90.16,87.05,13.06,1.39,12.70,6.92,1.65,9.80,16.27,0.15,,,
,*New survey*,LCN,SLV,Upper middle income,El Salvador,2022,91.43,88.75,14.12,1.20,12.87,6.25,1.92,10.74,16.22,0.16,,,
,,SSF,SWZ,Lower middle income,Eswatini,2000,47.13,44.36,n.a.,n.a.,n.a.,n.a.,n.a.,n.a.,n.a.,n.a.,,,
,,SSF,SWZ,Lower middle income,Eswatini,2009,70.93,51.65,13.65,0.25,21.71,15.70,2.79,11.72,27.75,0.20,,,
,,SSF,SWZ,Lower middle income,Eswatini,2016,96.86,81.20,11.85,0.27,14.76,13.59,3.32,17.22,33.24,0.22,,,
,,SSF,ETH,Low income,Ethiopia,2004,0.60,0.51,n.a.,n.a.,n.a.,n.a.,n.a.,n.a.,n.a.,n.a.,,,
,,SSF,ETH,Low income,Ethiopia,2010,16.21,13.25,n.a.,n.a.,n.a.,n.a.,n.a.,n.a.,n.a.,n.a.,,,
,,SSF,ETH,Low income,Ethiopia,2015,21.40,23.15,8.72,0.21,15.26,11.64,1.31,7.32,12.26,0.15,,,
,,SSF,ETH,Low income,Ethiopia,2018,30.14,22.17,13.51,0.22,11.49,8.25,0.94,4.25,9.42,0.18,,,
,,EAS,FJI,Upper middle income,Fiji,2008,15.92,14.33,9.49,2.64,38.12,24.20,2.91,12.53,25.61,0.23,,,
,,EAS,FJI,Upper middle income,Fiji,2013,41.13,37.11,8.41,1.08,10.27,11.28,1.47,11.83,20.62,0.15,,,
,,SSF,GAB,Upper middle income,Gabon,2005,54.93,51.83,8.27,0.48,30.59,20.76,2.48,10.86,20.45,0.21,,,
,,SSF,GAB,Upper middle income,Gabon,2017,51.96,49.38,5.90,0.47,3.46,4.01,1.10,7.34,8.66,0.14,,,
,,SSF,GMB,Low income,"Gambia, The",1998,1.35,5.07,1.90,0.21,18.48,8.27,-0.04,0.81,1.99,0.07,,,
,,SSF,GMB,Low income,"Gambia, The",2010,6.08,8.31,3.35,0.10,27.56,5.22,-0.02,0.17,0.87,0.10,,,
,,SSF,GMB,Low income,"Gambia, The",2015,3.16,2.95,5.62,1.44,18.05,28.86,0.41,1.53,5.07,0.16,,,
,,ECS,GEO,Upper middle income,Georgia,2011,77.76,64.65,20.37,1.55,68.49,29.25,19.10,42.64,68.45,0.33,,,
,,ECS,GEO,Upper middle income,Georgia,2012,69.68,60.47,18.77,1.76,73.05,28.80,17.59,41.71,65.01,0.31,,,
,,ECS,GEO,Upper middle income,Georgia,2013,69.34,60.82,18.18,2.06,74.04,30.81,19.35,44.16,68.10,0.33,,,
,,ECS,GEO,Upper middle income,Georgia,2014,69.51,61.41,19.66,2.55,90.30,35.44,21.99,45.73,71.54,0.33,,,
,,ECS,GEO,Upper middle income,Georgia,2015,72.05,60.75,19.79,2.43,78.71,33.84,21.74,45.78,71.71,0.35,,,
,,ECS,GEO,Upper middle income,Georgia,2016,70.59,64.27,18.17,2.66,89.45,37.64,23.71,48.48,73.81,0.32,,,
,,ECS,GEO,Upper middle income,Georgia,2017,70.95,61.77,19.37,2.53,85.91,34.34,21.10,45.57,70.08,0.32,,,
,,ECS,GEO,Upper middle income,Georgia,2018,75.75,63.57,20.06,2.45,80.86,34.06,22.21,46.49,70.06,0.34,,,
,,ECS,GEO,Upper middle income,Georgia,2019,77.25,64.78,20.20,2.62,83.18,35.87,23.83,47.36,73.22,0.35,,,
,,ECS,GEO,Upper middle income,Georgia,2020,73.79,64.75,18.45,2.84,92.85,42.12,26.98,52.02,75.02,0.34,,,
,,ECS,GEO,Upper middle income,Georgia,2021,74.61,65.97,18.42,2.95,93.60,42.34,27.63,51.92,75.25,0.34,,,
,,SSF,GHA,Lower middle income,Ghana,2005,3.28,5.68,n.a.,n.a.,n.a.,n.a.,n.a.,n.a.,n.a.,n.a.,,,
,,SSF,GHA,Lower middle income,Ghana,2012,64.03,63.67,0.68,0.05,58.30,96.41,0.25,1.72,4.77,0.06,,,
,,SSF,GHA,Lower middle income,Ghana,2016,39.72,20.25,3.23,0.23,11.74,31.23,0.13,1.12,2.73,0.08,,,
,,LCN,GTM,Upper middle income,Guatemala,2006,60.27,50.59,3.07,0.41,16.46,11.89,-0.25,1.42,3.27,0.04,,,
,,LCN,GTM,Upper middle income,Guatemala,2011,78.87,63.81,11.89,0.11,10.00,4.80,0.22,1.71,4.29,0.13,,,
,,LCN,GTM,Upper middle income,Guatemala,2014,72.20,63.27,0.99,0.28,25.20,22.32,-0.82,1.41,2.24,0.03,,,
,,SSF,GIN,Lower middle income,Guinea,2012,2.03,3.89,4.10,0.37,29.46,10.27,0.01,0.54,1.20,0.09,,,
,*New survey*,SSF,GIN,Lower middle income,Guinea,2018,8.94,10.47,4.13,0.32,7.89,5.69,-0.04,0.92,0.76,0.09,,,
,*New survey*,SSF,GNB,Low income,Guinea-Bissau,2018,23.44,24.21,6.75,0.36,11.72,7.51,0.10,1.49,2.25,0.18,,,
,*New survey*,SSF,GNB,Low income,Guinea-Bissau,2021,21.79,22.00,1.77,0.38,3.93,7.06,-0.01,0.45,1.07,0.08,,,
,,LCN,HTI,Lower middle income,Haiti,2001,n.a.,n.a.,n.a.,n.a.,n.a.,n.a.,n.a.,n.a.,n.a.,n.a.,,,
,,LCN,HTI,Lower middle income,Haiti,2012,21.53,19.46,n.a.,n.a.,n.a.,n.a.,n.a.,n.a.,n.a.,n.a.,,,
,,LCN,HND,Lower middle income,Honduras,2008,67.75,51.48,11.65,0.46,12.75,5.55,0.93,6.77,13.12,0.14,,,
,,LCN,HND,Lower middle income,Honduras,2009,61.75,50.48,2.72,2.00,12.34,21.67,2.36,18.06,26.17,0.08,,,
,,LCN,HND,Lower middle income,Honduras,2010,69.07,53.24,1.88,0.41,6.00,8.94,-0.26,2.53,3.80,0.04,,,
,,LCN,HND,Lower middle income,Honduras,2011,63.80,50.90,6.32,0.43,19.93,11.19,0.54,6.83,9.67,0.10,,,
,,LCN,HND,Lower middle income,Honduras,2013,69.53,55.79,7.61,0.45,24.58,13.33,0.72,7.50,13.22,0.11,,,
,,LCN,HND,Lower middle income,Honduras,2015,67.49,45.89,15.05,0.69,23.28,10.15,1.51,9.67,23.15,0.17,,,
,,LCN,HND,Lower middle income,Honduras,2016,53.09,35.92,6.70,0.94,14.66,12.17,-0.32,5.48,11.78,0.08,,,
,,LCN,HND,Lower middle income,Honduras,2017,59.07,43.54,8.26,0.91,18.01,11.65,0.06,8.25,16.14,0.10,,,
,,LCN,HND,Lower middle income,Honduras,2018,54.02,36.65,7.96,0.94,19.28,14.11,0.40,6.81,13.94,0.10,,,
,,LCN,HND,Lower middle income,Honduras,2019,50.59,32.18,4.65,0.78,7.10,10.61,-0.08,3.65,6.68,0.05,,,
,,ECS,HUN,High income,Hungary,2007,97.34,89.44,15.36,8.38,80.73,50.40,43.22,64.81,86.66,0.42,,,
,,SAS,IND,Lower middle income,India,2004,30.28,27.22,n.a.,n.a.,n.a.,n.a.,n.a.,n.a.,n.a.,n.a.,,,
,,SAS,IND,Lower middle income,India,2009,22.61,21.45,n.a.,n.a.,n.a.,n.a.,n.a.,n.a.,n.a.,n.a.,,,
,,SAS,IND,Lower middle income,India,2011,94.05,77.18,16.61,0.27,10.42,7.30,2.79,11.73,22.85,0.25,,,
,,EAS,IDN,Upper middle income,Indonesia,2009,65.01,41.60,n.a.,n.a.,n.a.,n.a.,n.a.,n.a.,n.a.,n.a.,,,
,,EAS,IDN,Upper middle income,Indonesia,2011,79.70,52.80,n.a.,n.a.,n.a.,n.a.,n.a.,n.a.,n.a.,n.a.,,,
,,EAS,IDN,Upper middle income,Indonesia,2012,81.66,55.08,n.a.,n.a.,n.a.,n.a.,n.a.,n.a.,n.a.,n.a.,,,
,,EAS,IDN,Upper middle income,Indonesia,2014,86.15,66.07,n.a.,n.a.,n.a.,n.a.,n.a.,n.a.,n.a.,n.a.,,,
,,EAS,IDN,Upper middle income,Indonesia,2015,77.07,57.41,35.49,0.25,27.32,15.94,4.62,16.87,38.17,0.47,,,
,,EAS,IDN,Upper middle income,Indonesia,2016,75.80,58.34,31.62,0.16,6.94,4.01,0.75,4.06,7.12,0.35,,,
,,EAS,IDN,Upper middle income,Indonesia,2017,68.65,54.07,31.72,0.14,5.48,3.17,0.43,1.89,4.00,0.34,,,
,,EAS,IDN,Upper middle income,Indonesia,2018,72.63,57.21,30.08,0.17,6.37,3.69,0.66,3.00,5.75,0.33,,,
,,EAS,IDN,Upper middle income,Indonesia,2019,55.42,46.06,29.50,0.22,8.78,4.86,1.07,4.38,7.81,0.33,,,
,,EAS,IDN,Upper middle income,Indonesia,2020,51.28,43.26,29.74,0.24,9.52,5.39,1.41,5.70,11.39,0.34,,,
,,EAS,IDN,Upper middle income,Indonesia,2021,64.29,56.47,24.30,0.29,11.09,5.30,2.29,9.39,17.34,0.29,,,
,*New survey*,EAS,IDN,Upper middle income,Indonesia,2022,73.32,65.09,26.47,0.52,18.22,9.38,3.66,14.02,26.97,0.35,,,
,*New survey*,MEA,IRN,Upper middle income,"Iran, Islamic Rep.",2017,93.68,91.42,21.37,1.17,24.95,7.66,7.34,25.62,41.70,0.26,,,
,,MEA,IRN,Upper middle income,"Iran, Islamic Rep.",2018,93.88,90.73,21.88,1.04,21.73,6.62,6.25,23.28,38.10,0.26,,,
,*New survey*,MEA,IRN,Upper middle income,"Iran, Islamic Rep.",2019,94.53,90.66,22.62,0.75,19.00,5.81,5.67,21.20,35.01,0.27,,,
,*New survey*,MEA,IRN,Upper middle income,"Iran, Islamic Rep.",2020,89.77,89.88,19.36,1.05,105.08,25.78,19.46,51.70,73.58,0.28,,,
,,MEA,IRQ,Upper middle income,Iraq,2006,89.95,86.01,12.44,0.70,10.23,7.55,4.83,22.13,35.43,0.21,,,
,,MEA,IRQ,Upper middle income,Iraq,2012,89.45,83.56,9.13,1.08,9.63,9.52,3.54,22.64,35.71,0.17,,,
,,LCN,JAM,Upper middle income,Jamaica,2002,47.24,32.65,7.91,0.04,0.52,0.85,-0.01,0.47,0.42,0.09,,,
,,LCN,JAM,Upper middle income,Jamaica,2010,72.47,57.94,14.05,0.47,10.65,11.62,1.93,13.19,16.41,0.23,,,
,,LCN,JAM,Upper middle income,Jamaica,2017,71.56,52.77,2.99,3.38,10.50,27.69,0.65,4.91,13.35,0.13,,,
,,MEA,JOR,Lower middle income,Jordan,2006,87.34,81.95,13.19,2.69,27.25,19.18,13.45,39.79,64.10,0.29,,,
,,MEA,JOR,Lower middle income,Jordan,2010,85.13,73.19,12.17,2.79,20.78,18.49,8.76,33.97,56.85,0.25,,,
,,ECS,KAZ,Upper middle income,Kazakhstan,2007,56.82,45.78,13.32,0.76,10.08,9.06,3.13,15.98,23.54,0.19,,,
,,ECS,KAZ,Upper middle income,Kazakhstan,2010,61.87,50.66,12.88,1.66,18.67,17.91,8.01,30.81,48.36,0.25,,,
,,ECS,KAZ,Upper middle income,Kazakhstan,2014,77.22,67.36,15.83,3.22,41.52,35.23,25.06,46.96,77.13,0.42,,,
,,ECS,KAZ,Upper middle income,Kazakhstan,2015,58.81,50.21,10.68,4.36,33.59,37.67,20.65,46.64,74.34,0.35,,,
,,ECS,KAZ,Upper middle income,Kazakhstan,2017,56.11,49.21,10.09,4.98,40.39,43.38,20.95,48.52,76.52,0.33,,,
,*New survey*,ECS,KAZ,Upper middle income,Kazakhstan,2018,53.54,49.07,10.03,5.65,43.86,45.21,21.18,49.89,77.81,0.33,,,
,*New survey*,ECS,KAZ,Upper middle income,Kazakhstan,2019,57.71,51.29,10.60,6.10,48.76,48.76,24.05,51.87,80.69,0.34,,,
,*New survey*,ECS,KAZ,Upper middle income,Kazakhstan,2020,67.94,60.76,11.35,6.36,52.88,50.14,28.17,57.44,84.53,0.36,,,
,*New survey*,ECS,KAZ,Upper middle income,Kazakhstan,2021,65.24,57.26,11.33,6.22,48.62,47.65,25.65,55.97,83.14,0.36,,,
,,SSF,KEN,Lower middle income,Kenya,2005,34.73,21.58,3.47,0.54,6.98,18.88,0.22,3.60,7.40,0.08,,,
,,SSF,KEN,Lower middle income,Kenya,2015,34.68,27.40,14.62,0.07,10.18,5.93,0.33,1.97,3.64,0.20,,,
,,EAS,KIR,Lower middle income,Kiribati,2006,n.a.,n.a.,n.a.,n.a.,n.a.,n.a.,n.a.,n.a.,n.a.,n.a.,,,
,,EAS,KIR,Lower middle income,Kiribati,2019,39.23,51.72,15.28,0.53,11.98,8.88,1.25,6.52,13.66,0.25,,,
,,ECS,XKX,Upper middle income,Kosovo,2006,32.66,25.50,24.75,1.27,46.51,21.97,8.06,17.85,43.18,0.38,,,
,,ECS,XKX,Upper middle income,Kosovo,2011,60.63,44.41,25.78,1.23,36.60,18.88,11.78,27.17,51.15,0.38,,,
,,ECS,XKX,Upper middle income,Kosovo,2012,62.67,45.37,23.16,1.15,26.29,15.06,8.14,24.17,42.51,0.33,,,
,,ECS,XKX,Upper middle income,Kosovo,2013,57.00,44.53,18.48,1.43,26.37,17.81,8.78,28.93,42.95,0.30,,,
,,ECS,XKX,Upper middle income,Kosovo,2017,54.84,42.84,18.95,2.46,44.00,30.15,17.11,39.43,63.39,0.38,,,
,,ECS,KGZ,Lower middle income,Kyrgyz Republic,2006,44.23,36.63,11.58,1.41,37.98,27.84,8.64,27.41,47.30,0.24,,,
,,ECS,KGZ,Lower middle income,Kyrgyz Republic,2011,64.72,59.98,13.27,1.52,39.04,32.92,16.89,42.34,69.35,0.34,,,
,,ECS,KGZ,Lower middle income,Kyrgyz Republic,2012,61.09,58.32,14.20,1.94,50.73,42.00,21.73,47.02,73.01,0.36,,,
,,ECS,KGZ,Lower middle income,Kyrgyz Republic,2013,63.50,57.86,15.54,1.81,57.57,42.16,22.29,44.57,74.92,0.38,,,
,*New survey*,ECS,KGZ,Lower middle income,Kyrgyz Republic,2014,51.58,44.89,14.07,2.55,49.78,43.51,24.43,48.38,76.71,0.39,,,
,*New survey*,ECS,KGZ,Lower middle income,Kyrgyz Republic,2015,50.75,44.77,15.11,2.53,57.53,44.26,22.58,48.28,75.19,0.38,,,
,*New survey*,ECS,KGZ,Lower middle income,Kyrgyz Republic,2016,53.46,46.86,14.92,2.52,52.70,42.51,24.49,49.14,76.98,0.39,,,
,*New survey*,ECS,KGZ,Lower middle income,Kyrgyz Republic,2017,57.13,50.18,14.83,2.54,53.79,42.42,25.38,50.22,77.98,0.39,,,
,*New survey*,ECS,KGZ,Lower middle income,Kyrgyz Republic,2018,56.96,52.02,15.10,2.67,55.33,41.99,25.60,51.60,79.64,0.39,,,
,,ECS,KGZ,Lower middle income,Kyrgyz Republic,2019,59.45,55.13,14.53,2.79,55.51,42.13,25.35,52.88,79.38,0.38,,,
,,ECS,KGZ,Lower middle income,Kyrgyz Republic,2020,57.84,55.15,13.75,2.72,54.89,42.20,25.93,52.75,79.57,0.37,,,
,,EAS,LAO,Lower middle income,Lao PDR,2007,0.30,1.65,2.30,2.38,68.80,29.84,0.11,1.48,4.22,0.14,,,
,,EAS,LAO,Lower middle income,Lao PDR,2018,0.76,2.16,2.81,8.46,144.15,90.86,0.66,3.28,10.97,0.08,,,
,,ECS,LVA,High income,Latvia,2008,80.77,78.08,16.57,4.27,65.50,27.88,21.47,46.21,71.51,0.30,,,
,,ECS,LVA,High income,Latvia,2009,89.89,80.30,15.39,3.71,59.08,32.37,27.89,51.25,76.51,0.37,,,
,,MEA,LBN,Lower middle income,Lebanon,2004,25.47,54.56,n.a.,n.a.,n.a.,n.a.,n.a.,n.a.,n.a.,n.a.,,,
,,SSF,LSO,Lower middle income,Lesotho,2010,7.67,6.32,n.a.,n.a.,n.a.,n.a.,n.a.,n.a.,n.a.,n.a.,,,
,,SSF,LSO,Lower middle income,Lesotho,2017,90.11,74.81,13.12,0.66,33.27,17.87,9.14,28.60,52.57,0.22,,,
,,SSF,LBR,Low income,Liberia,2007,33.86,33.83,n.a.,n.a.,n.a.,n.a.,n.a.,n.a.,n.a.,n.a.,,,
,,SSF,LBR,Low income,Liberia,2014,6.97,7.40,15.90,0.16,8.80,4.76,0.31,0.96,2.35,0.18,,,
,,SSF,LBR,Low income,Liberia,2016,21.35,14.25,21.02,0.11,5.49,3.40,0.52,2.07,4.20,0.25,,,
,,ECS,LTU,High income,Lithuania,2008,91.89,81.91,20.17,21.66,80.09,33.19,27.40,51.33,78.63,0.36,,,
,,SSF,MDG,Low income,Madagascar,2010,1.03,5.70,n.a.,n.a.,n.a.,n.a.,n.a.,n.a.,n.a.,n.a.,,,
,,SSF,MWI,Low income,Malawi,2004,60.73,51.29,6.35,0.01,5.53,7.35,0.06,0.88,1.83,0.10,,,
,,SSF,MWI,Low income,Malawi,2010,19.21,20.37,2.54,0.03,5.47,6.96,-0.16,0.16,0.57,0.03,,,
,,SSF,MWI,Low income,Malawi,2013,42.45,42.46,6.68,0.02,1.83,1.92,0.15,1.28,2.53,0.17,,,
,,SSF,MWI,Low income,Malawi,2016,49.60,41.52,10.99,0.04,6.01,4.72,0.37,2.15,5.05,0.17,,,
,,SSF,MWI,Low income,Malawi,2019,42.52,38.30,7.57,0.18,8.29,9.66,0.06,3.29,6.57,0.12,,,
,,EAS,MYS,Upper middle income,Malaysia,2008,94.11,84.09,10.16,0.82,8.36,4.51,2.53,12.25,21.97,0.16,,,
,,EAS,MYS,Upper middle income,Malaysia,2012,95.60,80.28,6.86,0.40,1.95,2.08,0.56,4.30,5.64,0.09,,,
,,EAS,MYS,Upper middle income,Malaysia,2014,98.77,89.46,11.76,1.27,9.03,5.66,3.59,16.32,26.91,0.19,,,
,,EAS,MYS,Upper middle income,Malaysia,2016,97.68,76.68,11.86,1.79,9.76,7.69,4.20,17.73,28.59,0.20,,,
,,SAS,MDV,Upper middle income,Maldives,2004,3.46,6.54,12.49,0.90,23.79,5.05,0.04,0.96,2.11,0.12,,,
,,SAS,MDV,Upper middle income,Maldives,2009,29.45,29.31,19.25,2.17,73.56,24.18,7.50,23.09,44.77,0.27,,,
,,SAS,MDV,Upper middle income,Maldives,2016,33.65,27.82,19.32,3.17,31.17,17.72,6.40,17.37,35.04,0.31,,,
,,SAS,MDV,Upper middle income,Maldives,2019,31.43,28.61,17.36,3.23,30.60,19.22,7.32,22.93,41.17,0.34,,,
,,SSF,MLI,Low income,Mali,2009,0.56,1.31,0.40,0.59,2.04,15.51,0.03,0.85,1.20,0.10,,,
,,SSF,MLI,Low income,Mali,2018,16.40,21.35,1.18,1.06,30.09,12.11,-0.80,1.25,2.94,0.05,,,
,*New survey*,SSF,MLI,Low income,Mali,2021,41.15,35.31,1.43,1.31,58.11,15.16,-0.44,2.13,6.77,0.09,,,
,,EAS,MHL,Upper middle income,Marshall Islands,1999,10.25,22.95,0.77,0.44,8.33,8.33,0.26,0.92,0.96,0.01,,,
,,EAS,MHL,Upper middle income,Marshall Islands,2019,52.35,62.73,9.81,1.92,148.66,41.03,7.14,34.00,62.67,0.18,,,
,,SSF,MRT,Lower middle income,Mauritania,2008,36.27,39.40,7.69,27.83,60.70,45.34,6.47,23.92,41.50,0.10,,,
,,SSF,MRT,Lower middle income,Mauritania,2014,47.46,45.22,n.a.,n.a.,n.a.,n.a.,n.a.,n.a.,n.a.,n.a.,,,
,,SSF,MUS,Upper middle income,Mauritius,2006,45.26,40.87,13.79,3.52,42.37,26.43,10.77,32.63,56.23,0.29,,,
,,SSF,MUS,Upper middle income,Mauritius,2012,54.77,46.63,11.99,4.86,63.01,45.87,18.68,44.87,70.77,0.30,,,
,,SSF,MUS,Upper middle income,Mauritius,2017,51.44,51.54,8.61,7.33,53.87,43.45,18.92,49.43,72.47,0.28,,,
,,LCN,MEX,Upper middle income,Mexico,2008,28.66,24.80,7.16,3.65,44.05,28.60,1.72,15.64,26.71,0.12,,,
,,LCN,MEX,Upper middle income,Mexico,2010,56.80,40.45,11.64,2.67,43.52,28.46,4.79,24.37,41.60,0.18,,,
,,LCN,MEX,Upper middle income,Mexico,2012,71.62,46.57,8.78,2.39,31.96,28.03,3.48,21.15,38.92,0.13,,,
,,LCN,MEX,Upper middle income,Mexico,2014,57.74,41.14,7.85,2.44,24.07,26.62,2.40,19.63,31.10,0.13,,,
,,LCN,MEX,Upper middle income,Mexico,2016,68.99,51.71,11.07,2.95,36.00,24.36,4.25,24.39,42.18,0.17,,,
,,LCN,MEX,Upper middle income,Mexico,2018,63.26,46.77,9.95,2.95,30.29,24.02,3.57,22.02,37.74,0.15,,,
,,LCN,MEX,Upper middle income,Mexico,2020,50.17,46.67,6.20,3.52,30.80,27.15,3.57,25.82,37.49,0.12,,,
,*New survey*,LCN,MEX,Upper middle income,Mexico,2022,53.88,48.16,6.76,3.86,27.00,25.96,4.13,26.52,39.99,0.14,,,
,,EAS,FSM,Lower middle income,"Micronesia, Fed. Sts.",2000,11.99,22.30,1.81,1.47,56.74,27.90,3.98,21.42,31.87,0.11,,,
,,ECS,MDA,Upper middle income,Moldova,2010,64.19,56.56,16.70,3.23,54.04,32.76,22.32,46.69,72.02,0.39,,,
,,ECS,MDA,Upper middle income,Moldova,2012,68.06,56.59,17.39,3.45,51.20,34.50,24.91,48.48,74.95,0.41,,,
,,ECS,MDA,Upper middle income,Moldova,2013,62.01,56.59,15.85,3.79,51.06,34.33,25.56,48.71,76.08,0.41,,,
,*New survey*,ECS,MDA,Upper middle income,Moldova,2017,69.23,62.37,14.33,4.35,51.72,40.98,31.15,56.02,81.13,0.42,,,
,,ECS,MDA,Upper middle income,Moldova,2018,71.03,60.16,16.07,4.92,61.26,50.94,40.63,59.24,85.48,0.49,,,
,,EAS,MNG,Upper middle income,Mongolia,2007,97.18,93.47,14.82,1.39,30.41,17.24,15.91,43.04,65.81,0.29,,,
,,EAS,MNG,Upper middle income,Mongolia,2009,97.12,92.86,15.63,1.23,34.21,19.57,19.11,45.47,70.69,0.32,,,
,,EAS,MNG,Upper middle income,Mongolia,2010,98.77,97.08,15.75,1.28,30.66,15.65,15.85,42.14,64.26,0.29,,,
,,EAS,MNG,Upper middle income,Mongolia,2011,99.95,99.79,15.51,1.84,39.72,20.16,19.94,49.40,72.85,0.30,,,
,,EAS,MNG,Upper middle income,Mongolia,2012,99.79,99.90,15.20,2.17,40.99,20.71,20.56,49.09,72.46,0.30,,,
,,EAS,MNG,Upper middle income,Mongolia,2014,98.66,93.69,13.44,1.89,27.22,17.64,17.28,42.68,66.22,0.30,,,
,,EAS,MNG,Upper middle income,Mongolia,2016,98.69,93.90,12.50,2.07,33.48,23.27,22.17,48.18,73.31,0.32,,,
,,EAS,MNG,Upper middle income,Mongolia,2018,98.14,91.37,13.01,2.22,34.68,23.72,21.48,48.48,73.49,0.32,,,
,*New survey*,EAS,MNG,Upper middle income,Mongolia,2020,99.27,92.60,13.59,2.75,35.64,28.92,29.72,55.86,80.59,0.37,,,
,,ECS,MNE,Upper middle income,Montenegro,2011,53.70,59.59,8.21,8.79,56.97,53.42,28.99,56.12,78.80,0.31,,,
,,ECS,MNE,Upper middle income,Montenegro,2012,67.44,55.45,9.46,7.53,46.72,51.70,26.44,53.46,76.30,0.33,,,
,,ECS,MNE,Upper middle income,Montenegro,2013,64.98,56.50,8.95,8.31,58.89,56.00,27.96,54.59,77.75,0.31,,,
,,ECS,MNE,Upper middle income,Montenegro,2014,71.72,56.44,10.48,8.16,46.68,50.78,26.43,52.75,81.71,0.32,,,
,,MEA,MAR,Lower middle income,Morocco,2009,52.47,41.01,n.a.,n.a.,n.a.,n.a.,n.a.,n.a.,n.a.,n.a.,,,
,,SSF,MOZ,Low income,Mozambique,2008,8.24,6.76,5.29,0.38,188.17,43.10,0.40,2.76,6.82,0.15,,,
,,SSF,MOZ,Low income,Mozambique,2014,3.18,6.31,2.58,0.91,105.57,26.85,0.27,3.96,9.33,0.10,,,
,*New survey*,SSF,MOZ,Low income,Mozambique,2019,5.35,5.93,3.95,1.24,36.08,16.16,0.28,2.79,5.54,0.09,,,
,,EAS,MMR,Lower middle income,Myanmar,2009,0.78,2.34,n.a.,n.a.,n.a.,n.a.,n.a.,n.a.,n.a.,n.a.,,,
,,EAS,MMR,Lower middle income,Myanmar,2017,11.94,13.97,5.77,0.61,6.92,8.66,0.22,3.65,7.28,0.14,,,
,,SSF,NAM,Upper middle income,Namibia,2003,19.34,9.84,n.a.,n.a.,n.a.,n.a.,n.a.,n.a.,n.a.,n.a.,,,
,,SSF,NAM,Upper middle income,Namibia,2009,26.50,16.13,n.a.,n.a.,n.a.,n.a.,n.a.,n.a.,n.a.,n.a.,,,
,,SSF,NAM,Upper middle income,Namibia,2015,51.72,43.73,15.32,1.09,43.47,12.77,3.35,17.39,35.70,0.21,,,
,,SAS,NPL,Lower middle income,Nepal,2010,49.07,43.49,5.92,0.27,3.78,5.95,0.63,7.58,13.28,0.14,,,
,,LCN,NIC,Lower middle income,Nicaragua,2005,70.23,61.51,4.25,0.41,24.08,10.72,0.97,7.36,11.25,0.08,,,
,,LCN,NIC,Lower middle income,Nicaragua,2009,55.56,45.64,2.05,0.36,29.42,22.46,0.18,3.70,5.08,0.07,,,
,,LCN,NIC,Lower middle income,Nicaragua,2014,76.69,68.15,2.47,0.43,42.30,17.14,0.32,5.29,7.36,0.07,,,
,,SSF,NER,Low income,Niger,2011,2.81,4.14,0.03,0.27,0.54,16.74,-0.38,0.97,1.14,0.05,,,
,,SSF,NER,Low income,Niger,2014,15.52,21.38,5.52,0.07,3.53,3.38,-0.07,2.04,1.76,0.07,,,
,,SSF,NER,Low income,Niger,2018,20.55,18.52,1.45,0.86,13.15,13.34,-0.63,0.29,0.83,0.03,,,
,*New survey*,SSF,NER,Low income,Niger,2021,23.64,23.27,0.10,1.05,1.37,17.18,-0.89,0.79,0.95,0.03,,,
,,SSF,NGA,Lower middle income,Nigeria,2010,1.02,1.42,n.a.,n.a.,n.a.,n.a.,n.a.,n.a.,n.a.,n.a.,,,
,,SSF,NGA,Lower middle income,Nigeria,2012,3.13,4.59,0.56,0.13,6.49,7.57,0.02,0.34,0.58,0.09,,,
,,SSF,NGA,Lower middle income,Nigeria,2015,5.24,6.41,2.17,0.67,7.40,18.35,0.16,3.49,6.97,0.13,,,
,,SSF,NGA,Lower middle income,Nigeria,2018,28.37,20.68,4.82,0.28,3.94,9.74,0.52,3.50,7.93,0.13,,,
,,SAS,PAK,Lower middle income,Pakistan,2007,4.07,9.29,3.33,1.30,22.48,24.13,0.14,7.87,15.22,0.13,,,
,,SAS,PAK,Lower middle income,Pakistan,2009,15.45,18.77,7.22,0.77,15.33,16.51,1.19,11.30,19.68,0.16,,,
,,SAS,PAK,Lower middle income,Pakistan,2013,21.25,16.80,5.07,0.95,8.40,19.53,-0.18,8.64,16.23,0.12,,,
,,SAS,PAK,Lower middle income,Pakistan,2015,22.39,16.06,5.43,1.10,9.09,21.46,-0.24,9.09,18.78,0.13,,,
,,SAS,PAK,Lower middle income,Pakistan,2018,25.92,22.09,4.60,1.21,8.88,24.95,0.99,12.31,25.01,0.17,,,
,,EAS,PLW,High income,Palau,2006,41.51,37.43,7.41,5.79,30.31,27.99,3.94,26.30,39.51,0.17,,,
,,LCN,PAN,High income,Panama,2008,80.10,67.05,1.39,3.04,13.14,33.17,0.80,11.59,16.27,0.04,,,
,,LCN,PAN,High income,Panama,2009,84.03,64.04,4.97,3.95,19.53,23.08,2.45,21.31,33.60,0.08,,,
,,LCN,PAN,High income,Panama,2010,84.93,64.02,5.24,4.25,23.24,23.92,3.07,21.88,33.42,0.09,,,
,,LCN,PAN,High income,Panama,2011,81.11,60.50,5.41,4.31,22.18,22.96,3.73,22.26,32.08,0.10,,,
,,LCN,PAN,High income,Panama,2012,85.75,63.45,5.32,3.99,19.95,21.17,3.35,19.86,29.45,0.10,,,
,,LCN,PAN,High income,Panama,2013,85.28,64.52,5.06,4.31,18.91,20.56,2.52,20.78,30.93,0.09,,,
,,LCN,PAN,High income,Panama,2014,82.83,63.39,5.73,4.12,20.67,19.72,3.26,21.61,29.53,0.10,,,
,,LCN,PAN,High income,Panama,2015,90.12,73.68,8.58,4.11,31.46,17.51,5.72,25.20,38.52,0.14,,,
,,LCN,PAN,High income,Panama,2016,91.29,74.67,7.96,4.61,31.88,18.95,5.11,26.58,38.11,0.13,,,
,,LCN,PAN,High income,Panama,2017,88.26,72.84,8.89,4.56,33.48,18.49,5.65,25.43,39.59,0.14,,,
,,LCN,PAN,High income,Panama,2018,90.47,75.91,8.38,4.53,29.79,17.46,5.58,25.25,37.95,0.14,,,
,,LCN,PAN,High income,Panama,2019,90.68,76.61,7.95,4.62,28.04,16.74,5.34,25.97,37.46,0.13,,,
,*New survey*,LCN,PAN,High income,Panama,2021,93.45,86.35,7.63,5.89,39.06,22.14,8.91,39.42,53.05,0.14,,,
,*New survey*,LCN,PAN,High income,Panama,2023,88.75,76.78,7.37,5.08,31.45,20.42,6.16,29.83,40.78,0.13,,,
,,EAS,PNG,Lower middle income,Papua New Guinea,2009,2.10,4.24,4.47,0.43,1.28,0.46,0.01,0.00,0.03,0.04,,,
,,LCN,PRY,Upper middle income,Paraguay,2007,52.00,37.18,0.14,1.26,19.58,35.72,-0.61,3.30,2.87,0.02,,,
,,LCN,PRY,Upper middle income,Paraguay,2008,58.81,43.72,1.58,1.70,25.47,32.05,-0.18,7.85,11.12,0.05,,,
,,LCN,PRY,Upper middle income,Paraguay,2009,58.91,45.37,1.42,1.42,19.87,32.57,-0.26,4.97,7.26,0.04,,,
,,LCN,PRY,Upper middle income,Paraguay,2010,73.46,54.22,2.44,1.20,19.55,32.54,-0.48,3.81,6.54,0.04,,,
,,LCN,PRY,Upper middle income,Paraguay,2011,72.89,52.27,1.57,1.28,24.02,29.23,0.00,5.75,7.38,0.05,,,
,,LCN,PRY,Upper middle income,Paraguay,2012,86.30,65.20,3.66,0.95,15.72,28.76,-0.15,4.61,8.79,0.06,,,
,,LCN,PRY,Upper middle income,Paraguay,2013,82.57,63.18,3.63,0.91,17.37,27.34,0.58,6.96,9.73,0.07,,,
,,LCN,PRY,Upper middle income,Paraguay,2014,82.67,62.23,5.63,0.93,18.70,23.17,0.78,6.52,11.12,0.09,,,
,,LCN,PRY,Upper middle income,Paraguay,2015,83.91,66.83,6.14,1.12,19.50,24.86,0.73,9.59,15.49,0.10,,,
,,LCN,PRY,Upper middle income,Paraguay,2016,85.15,66.66,6.03,1.14,18.15,26.83,0.63,10.32,15.98,0.10,,,
,,LCN,PRY,Upper middle income,Paraguay,2017,85.97,68.02,7.26,3.55,18.40,24.82,1.03,11.10,18.81,0.12,,,
,,LCN,PRY,Upper middle income,Paraguay,2018,86.82,68.36,15.42,2.37,30.34,16.86,4.03,19.25,35.71,0.20,,,
,,LCN,PRY,Upper middle income,Paraguay,2019,88.20,69.09,14.83,2.35,29.08,16.97,4.10,20.73,37.06,0.20,,,
,,LCN,PRY,Upper middle income,Paraguay,2020,92.99,79.66,9.89,1.41,14.16,10.49,2.96,19.36,29.08,0.14,,,
,*New survey*,LCN,PRY,Upper middle income,Paraguay,2021,81.20,58.99,7.60,1.79,11.62,13.98,1.42,14.24,23.76,0.12,,,
,*New survey*,LCN,PRY,Upper middle income,Paraguay,2022,73.38,54.44,8.02,1.92,13.15,13.96,1.42,13.16,21.72,0.12,,,
,,LCN,PER,Upper middle income,Peru,2008,78.20,52.40,4.44,0.91,18.64,22.26,0.15,6.63,11.47,0.06,,,
,,LCN,PER,Upper middle income,Peru,2009,84.81,64.11,4.35,0.77,16.96,22.47,-0.09,6.40,12.22,0.06,,,
,,LCN,PER,Upper middle income,Peru,2010,86.00,68.36,3.92,0.78,15.49,22.06,0.28,7.48,11.37,0.07,,,
,,LCN,PER,Upper middle income,Peru,2011,86.15,66.12,4.45,0.82,15.77,20.65,-0.08,5.67,10.05,0.06,,,
,,LCN,PER,Upper middle income,Peru,2012,90.14,89.52,4.65,0.63,16.19,19.57,0.08,5.47,9.83,0.07,,,
,,LCN,PER,Upper middle income,Peru,2013,86.03,63.02,4.99,0.91,13.83,18.26,-0.08,5.34,10.31,0.07,,,
,,LCN,PER,Upper middle income,Peru,2014,88.27,64.85,5.35,0.90,13.46,17.83,-0.24,5.27,10.48,0.07,,,
,,LCN,PER,Upper middle income,Peru,2015,88.42,65.60,9.13,0.90,18.15,18.80,1.06,9.69,16.80,0.12,,,
,,LCN,PER,Upper middle income,Peru,2016,89.56,64.95,8.55,0.95,17.50,18.89,0.89,9.38,16.96,0.12,,,
,,LCN,PER,Upper middle income,Peru,2017,89.51,65.92,8.64,2.24,17.42,19.44,0.88,9.04,17.06,0.12,,,
,,LCN,PER,Upper middle income,Peru,2018,91.10,66.82,8.67,2.12,15.84,18.39,1.08,10.24,18.40,0.12,,,
,,LCN,PER,Upper middle income,Peru,2019,89.87,66.61,8.56,2.23,15.39,18.91,0.70,9.33,17.22,0.12,,,
,,LCN,PER,Upper middle income,Peru,2020,83.61,79.84,10.22,1.11,19.34,11.50,4.03,20.85,30.72,0.15,,,
,,LCN,PER,Upper middle income,Peru,2021,96.73,90.05,10.95,1.12,16.22,10.07,3.30,19.97,30.43,0.15,,,
,*New survey*,LCN,PER,Upper middle income,Peru,2022,95.54,83.36,12.65,0.95,13.43,8.97,2.54,14.79,24.23,0.17,,,
,,EAS,PHL,Lower middle income,Philippines,2006,1.05,7.47,0.65,2.63,31.72,18.97,-0.44,3.09,4.45,0.03,,,
,,EAS,PHL,Lower middle income,Philippines,2013,59.03,36.74,9.08,1.42,22.20,23.88,1.91,17.78,35.22,0.14,,,
,,EAS,PHL,Lower middle income,Philippines,2015,63.36,40.62,12.43,0.52,9.08,8.04,0.94,9.84,16.47,0.15,,,
,,EAS,PHL,Lower middle income,Philippines,2018,58.44,43.04,11.27,1.34,20.39,16.94,3.07,19.82,35.79,0.17,,,
,,ECS,POL,High income,Poland,2005,90.72,79.66,9.96,7.35,62.41,56.99,36.80,62.21,85.55,0.35,,,
,,ECS,POL,High income,Poland,2006,89.30,77.74,10.50,7.82,63.33,57.09,36.84,61.55,85.35,0.35,,,
,,ECS,POL,High income,Poland,2007,86.72,74.85,11.40,8.01,64.44,55.00,36.22,60.42,84.57,0.37,,,
,,ECS,POL,High income,Poland,2008,82.47,71.09,11.64,8.52,65.77,54.65,35.00,59.00,84.08,0.37,,,
,,ECS,POL,High income,Poland,2009,84.09,70.61,11.37,8.92,64.06,56.56,35.14,59.00,84.26,0.37,,,
,,ECS,POL,High income,Poland,2010,80.45,66.45,11.77,9.65,66.52,58.51,35.60,58.91,84.35,0.37,,,
,,ECS,POL,High income,Poland,2011,78.53,65.53,11.56,9.73,67.20,59.28,35.98,58.88,84.29,0.37,,,
,,ECS,POL,High income,Poland,2012,78.84,64.41,11.54,9.79,65.61,60.56,36.28,58.91,84.38,0.37,,,
,,ECS,POL,High income,Poland,2015,73.35,61.08,11.25,11.50,72.62,66.85,37.46,59.15,84.93,0.37,,,
,,ECS,POL,High income,Poland,2016,72.99,61.76,12.19,11.86,74.54,64.31,37.52,59.54,85.16,0.38,,,
,,ECS,POL,High income,Poland,2017,76.52,62.93,15.54,8.32,72.36,54.80,35.58,56.91,84.28,0.39,,,
,*New survey*,ECS,POL,High income,Poland,2019,89.71,79.19,14.91,12.50,92.95,64.99,45.16,64.87,88.80,0.39,,,
,,ECS,ROU,High income,Romania,2008,91.66,82.79,10.27,4.27,45.70,44.28,36.52,60.25,82.74,0.37,,,
,,ECS,ROU,High income,Romania,2011,91.79,84.16,9.21,4.81,46.43,51.59,42.66,63.53,85.36,0.39,,,
,,ECS,ROU,High income,Romania,2012,92.00,83.69,9.63,4.65,45.78,49.18,41.21,62.24,84.51,0.39,,,
,,ECS,ROU,High income,Romania,2016,93.51,81.44,10.17,5.63,52.88,53.63,42.22,61.20,84.61,0.38,,,
,*New survey*,ECS,ROU,High income,Romania,2019,90.51,81.15,11.13,7.19,56.24,51.32,42.73,60.50,84.46,0.40,,,
,*New survey*,ECS,ROU,High income,Romania,2020,90.13,80.83,10.57,7.92,60.55,58.33,44.63,62.17,85.38,0.38,,,
,*New survey*,ECS,ROU,High income,Romania,2021,90.86,79.83,11.49,8.44,62.75,56.71,44.37,61.58,85.43,0.40,,,
,,ECS,RUS,High income,Russian Federation,2007,73.48,58.75,n.a.,n.a.,n.a.,n.a.,n.a.,n.a.,n.a.,n.a.,,,
,,ECS,RUS,High income,Russian Federation,2014,86.55,78.22,8.90,9.12,30.32,26.11,18.80,49.17,66.06,0.28,,,
,,ECS,RUS,High income,Russian Federation,2015,85.47,77.09,8.91,8.51,29.73,25.50,18.18,47.46,64.94,0.27,,,
,,ECS,RUS,High income,Russian Federation,2016,88.22,77.88,9.54,8.55,30.29,25.58,18.19,46.54,64.16,0.27,,,
,,ECS,RUS,High income,Russian Federation,2017,88.54,77.52,9.78,9.29,39.37,31.37,24.23,51.01,72.30,0.34,,,
,,SSF,RWA,Low income,Rwanda,2005,18.23,34.46,2.68,0.03,31.49,8.32,-0.07,0.54,0.72,0.04,,,
,,SSF,RWA,Low income,Rwanda,2010,29.36,27.90,6.87,0.08,3.49,3.03,0.12,1.99,4.47,0.13,,,
,,SSF,RWA,Low income,Rwanda,2013,32.43,28.40,12.71,0.12,8.33,4.93,0.64,4.75,10.01,0.19,,,
,,EAS,WSM,Lower middle income,Samoa,2008,31.81,33.64,11.02,0.48,34.87,18.65,4.10,21.20,39.81,0.19,,,
,,SSF,SEN,Lower middle income,Senegal,2011,9.34,16.79,1.16,0.49,4.81,11.79,-0.68,2.71,4.67,0.05,,,
,,SSF,SEN,Lower middle income,Senegal,2018,33.54,30.08,1.61,0.92,11.30,9.76,-1.02,1.64,3.68,0.04,,,
,*New survey*,SSF,SEN,Lower middle income,Senegal,2021,40.11,33.90,0.36,1.04,4.25,11.44,-1.35,1.78,3.35,0.04,,,
,,ECS,SRB,Upper middle income,Serbia,2007,65.26,62.04,10.29,6.92,51.25,46.32,28.74,55.05,77.49,0.34,,,
,,ECS,SRB,Upper middle income,Serbia,2010,69.99,65.06,10.42,8.02,62.63,56.45,35.46,60.49,82.07,0.36,,,
,,ECS,SRB,Upper middle income,Serbia,2013,70.61,63.18,10.61,7.68,58.80,54.96,33.38,58.05,81.29,0.35,,,
,,ECS,SRB,Upper middle income,Serbia,2015,73.82,61.04,13.38,7.42,62.38,54.90,35.74,57.97,82.42,0.41,,,
,,ECS,SRB,Upper middle income,Serbia,2018,79.17,60.99,14.93,8.18,73.86,60.57,37.86,58.61,83.86,0.41,,,
,*New survey*,ECS,SRB,Upper middle income,Serbia,2019,74.22,61.59,14.82,8.59,75.08,56.25,37.20,58.49,81.95,0.41,,,
,*New survey*,ECS,SRB,Upper middle income,Serbia,2021,76.45,63.09,14.93,8.53,80.16,56.69,38.31,58.96,82.53,0.42,,,
,*New survey*,ECS,SRB,Upper middle income,Serbia,2022,73.41,62.53,14.25,8.28,80.84,57.28,38.25,58.15,80.48,0.41,,,
,,SSF,SLE,Low income,Sierra Leone,2011,34.57,30.16,n.a.,n.a.,n.a.,n.a.,n.a.,n.a.,n.a.,n.a.,,,
,,SSF,SLE,Low income,Sierra Leone,2018,21.34,18.11,11.04,0.07,2.28,2.27,0.20,1.70,2.40,0.14,,,
,,ECS,SVK,High income,Slovak Republic,2009,96.76,88.62,10.50,6.10,31.85,32.30,39.49,58.31,78.99,0.50,,,
,,EAS,SLB,Lower middle income,Solomon Islands,2005,1.11,1.66,3.86,1.07,49.06,23.91,0.25,1.17,3.55,0.15,,,
,*New survey*,SSF,SOM,Low income,Somalia,2017,5.73,8.21,n.a.,n.a.,n.a.,n.a.,n.a.,n.a.,n.a.,n.a.,,,
,,SSF,ZAF,Upper middle income,South Africa,2005,84.25,58.54,15.88,2.04,79.16,36.62,8.49,45.60,72.43,0.27,,,
,,SSF,ZAF,Upper middle income,South Africa,2010,86.63,62.76,24.64,1.44,72.36,23.87,7.36,40.06,66.85,0.36,,,
,,SSF,ZAF,Upper middle income,South Africa,2014,96.17,79.87,18.54,2.02,114.81,34.40,10.59,46.74,74.16,0.25,,,
,,SSF,ZAF,Upper middle income,South Africa,2016,95.87,78.15,0.25,11.88,35.85,58.51,0.81,7.09,13.55,0.05,,,
,,SSF,ZAF,Upper middle income,South Africa,2018,97.66,78.06,10.47,8.54,342.68,54.17,0.67,4.39,11.49,0.09,,,
,,SSF,ZAF,Upper middle income,South Africa,2019,95.92,84.21,0.11,17.07,62.61,71.68,0.95,8.07,15.36,0.05,,,
,,SSF,ZAF,Upper middle income,South Africa,2020,94.89,78.66,0.04,18.20,68.64,58.17,0.43,4.06,8.52,0.04,,,
,*New survey*,SSF,ZAF,Upper middle income,South Africa,2021,94.62,78.40,0.07,15.32,39.72,50.33,0.77,5.78,12.02,0.04,,,
,,SSF,SSD,Low income,South Sudan,2009,3.37,6.24,3.91,0.03,3.85,1.53,0.00,0.06,0.09,0.06,,,
,,SAS,LKA,Lower middle income,Sri Lanka,2006,52.94,35.61,6.97,0.82,8.00,15.25,2.04,13.16,26.28,0.16,,,
,,SAS,LKA,Lower middle income,Sri Lanka,2009,45.99,29.83,6.38,0.94,7.15,15.96,1.62,11.87,24.12,0.17,,,
,,SAS,LKA,Lower middle income,Sri Lanka,2012,48.34,33.13,5.98,1.09,7.85,15.46,2.06,13.20,26.49,0.17,,,
,,SAS,LKA,Lower middle income,Sri Lanka,2016,49.44,35.14,8.66,1.34,12.97,17.33,3.33,17.02,33.97,0.20,,,
,,SAS,LKA,Lower middle income,Sri Lanka,2019,50.89,37.50,10.05,1.40,15.27,17.12,3.80,18.31,36.97,0.21,,,
,,SSF,SDN,Low income,Sudan,2009,13.10,7.45,17.98,0.01,1.07,1.05,0.01,0.00,0.07,0.18,,,
,,MEA,SYR,Low income,Syrian Arab Republic,2003,3.57,8.19,1.51,8.31,41.17,67.63,1.84,11.84,28.40,0.11,,,
,,SSF,STP,Lower middle income,São Tomé and Príncipe,2017,18.04,16.10,6.92,0.29,6.64,4.68,0.05,1.26,2.39,0.11,,,
,,ECS,TJK,Lower middle income,Tajikistan,2011,45.79,39.29,16.97,0.42,10.86,7.60,2.64,11.60,20.50,0.23,,,
,,SSF,TZA,Lower middle income,Tanzania,2008,6.94,8.78,n.a.,n.a.,n.a.,n.a.,n.a.,n.a.,n.a.,n.a.,,,
,,SSF,TZA,Lower middle income,Tanzania,2010,16.29,20.27,n.a.,n.a.,n.a.,n.a.,n.a.,n.a.,n.a.,n.a.,,,
,,SSF,TZA,Lower middle income,Tanzania,2012,22.47,24.61,2.66,0.09,63.65,17.69,-0.17,0.56,1.30,0.05,,,
,,SSF,TZA,Lower middle income,Tanzania,2014,8.98,12.88,3.14,0.12,11.88,13.35,0.06,1.52,1.70,0.08,,,
,,EAS,THA,Upper middle income,Thailand,2006,68.74,44.66,6.11,0.87,0.31,0.68,-0.04,0.15,0.58,0.06,,,
,,EAS,THA,Upper middle income,Thailand,2009,85.15,65.15,7.41,0.89,8.10,10.44,1.86,11.62,25.42,0.15,,,
,,EAS,THA,Upper middle income,Thailand,2011,83.17,64.07,7.17,1.29,12.07,17.99,3.38,17.72,35.74,0.18,,,
,,EAS,THA,Upper middle income,Thailand,2013,81.59,60.85,8.34,1.43,13.47,16.76,3.85,17.39,34.75,0.20,,,
,,EAS,THA,Upper middle income,Thailand,2017,86.75,70.62,0.75,17.67,26.72,70.21,1.64,8.96,26.49,0.15,,,
,,EAS,THA,Upper middle income,Thailand,2018,93.56,76.58,n.a.,n.a.,n.a.,n.a.,n.a.,n.a.,n.a.,n.a.,,,
,,EAS,THA,Upper middle income,Thailand,2019,94.16,77.30,0.50,17.07,13.94,74.13,1.98,10.29,29.13,0.16,,,
,*New survey*,EAS,THA,Upper middle income,Thailand,2020,95.83,83.28,n.a.,n.a.,n.a.,n.a.,n.a.,n.a.,n.a.,n.a.,,,
,*New survey*,EAS,THA,Upper middle income,Thailand,2021,97.08,87.19,1.49,16.34,28.47,78.45,3.35,12.66,34.32,0.17,,,
,,EAS,TLS,Lower middle income,Timor-Leste,2007,23.52,26.27,0.95,0.40,1.20,9.81,1.14,9.20,17.84,0.18,,,
,,EAS,TLS,Lower middle income,Timor-Leste,2011,41.40,35.33,n.a.,n.a.,n.a.,n.a.,n.a.,n.a.,n.a.,n.a.,,,
,,SSF,TGO,Low income,Togo,2006,n.a.,n.a.,n.a.,n.a.,n.a.,n.a.,n.a.,n.a.,n.a.,n.a.,,,
,,SSF,TGO,Low income,Togo,2011,0.00,3.01,0.00,1.60,n.a.,28.50,-0.28,0.70,2.10,0.02,,,
,,SSF,TGO,Low income,Togo,2018,17.48,12.38,1.83,0.93,33.06,10.81,-0.14,1.28,2.52,0.07,,,
,*New survey*,SSF,TGO,Low income,Togo,2021,17.37,18.22,0.10,1.06,16.25,13.27,-0.42,1.84,4.05,0.07,,,
,,EAS,TON,Upper middle income,Tonga,2009,n.a.,n.a.,n.a.,n.a.,n.a.,n.a.,n.a.,n.a.,n.a.,n.a.,,,
,,MEA,TUN,Lower middle income,Tunisia,2010,19.81,14.43,19.76,n.a.,17.99,3.80,0.14,0.27,1.73,0.20,,,
,*New survey*,MEA,TUN,Lower middle income,Tunisia,2015,45.95,28.78,13.96,0.66,8.27,5.41,0.13,0.60,0.92,0.18,,,
,*New survey*,MEA,TUN,Lower middle income,Tunisia,2021,20.23,11.73,6.62,1.74,14.36,11.47,0.21,1.29,1.68,0.17,,,
,,ECS,TUR,Upper middle income,Türkiye,2004,40.07,51.70,3.13,4.13,23.57,29.59,7.96,34.36,50.22,0.15,,,
,,ECS,TUR,Upper middle income,Türkiye,2005,42.89,53.05,3.64,4.44,27.95,30.82,8.88,34.81,50.24,0.15,,,
,,ECS,TUR,Upper middle income,Türkiye,2006,46.62,55.21,4.51,4.13,27.44,28.53,9.33,35.49,51.04,0.17,,,
,,ECS,TUR,Upper middle income,Türkiye,2007,55.48,58.69,4.16,4.32,22.95,29.53,9.45,36.85,50.87,0.17,,,
,,ECS,TUR,Upper middle income,Türkiye,2008,66.95,63.79,5.23,4.41,24.52,27.90,10.36,36.79,51.46,0.17,,,
,,ECS,TUR,Upper middle income,Türkiye,2009,56.09,48.12,5.85,5.41,30.23,34.81,9.41,34.15,51.62,0.17,,,
,,ECS,TUR,Upper middle income,Türkiye,2010,61.05,48.57,5.58,5.75,27.86,37.30,10.63,38.24,53.30,0.19,,,
,,ECS,TUR,Upper middle income,Türkiye,2011,59.26,49.07,5.23,6.10,27.20,36.82,11.27,38.93,54.75,0.19,,,
,,ECS,TUR,Upper middle income,Türkiye,2012,58.99,47.94,6.72,6.51,34.50,38.09,12.74,39.16,58.35,0.21,,,
,,ECS,TUR,Upper middle income,Türkiye,2013,60.56,48.87,6.50,6.70,32.68,37.70,12.51,40.03,58.00,0.21,,,
,,ECS,TUR,Upper middle income,Türkiye,2014,64.28,50.35,6.49,7.07,32.62,37.93,11.96,39.87,59.73,0.20,,,
,,ECS,TUR,Upper middle income,Türkiye,2015,63.00,50.19,5.61,7.00,29.27,38.02,12.16,40.99,60.21,0.20,,,
,,ECS,TUR,Upper middle income,Türkiye,2016,64.64,50.36,6.09,7.53,31.04,39.39,13.20,41.44,62.43,0.21,,,
,,ECS,TUR,Upper middle income,Türkiye,2017,62.36,49.39,6.71,8.33,35.82,40.99,14.19,41.96,64.53,0.23,,,
,,ECS,TUR,Upper middle income,Türkiye,2018,61.09,49.66,6.43,8.53,35.09,40.45,13.85,42.55,63.34,0.22,,,
,,ECS,TUR,Upper middle income,Türkiye,2019,57.73,49.34,5.57,9.12,37.31,44.50,14.87,42.81,62.99,0.21,,,
,,SSF,UGA,Low income,Uganda,2005,13.04,10.59,n.a.,n.a.,n.a.,n.a.,n.a.,n.a.,n.a.,n.a.,,,
,,SSF,UGA,Low income,Uganda,2009,5.11,7.20,0.12,0.19,8.27,12.78,-0.32,0.24,0.34,0.02,,,
,,SSF,UGA,Low income,Uganda,2012,75.69,60.71,0.89,0.02,5.22,13.51,-0.07,0.97,1.11,0.07,,,
,,SSF,UGA,Low income,Uganda,2016,0.49,1.52,0.99,1.09,13.56,18.03,-0.09,0.52,0.88,0.04,,,
,,ECS,UKR,Upper middle income,Ukraine,2006,75.37,70.06,14.58,4.12,58.36,39.53,30.10,55.09,80.01,0.38,,,
,,ECS,UKR,Upper middle income,Ukraine,2011,79.22,72.04,15.30,5.37,59.66,45.46,38.71,60.01,84.71,0.43,,,
,,ECS,UKR,Upper middle income,Ukraine,2012,78.37,71.39,15.52,6.18,67.00,50.16,41.63,61.09,86.51,0.44,,,
,,ECS,UKR,Upper middle income,Ukraine,2013,78.25,71.71,15.33,6.64,67.70,51.16,42.50,62.23,86.31,0.44,,,
,,ECS,UKR,Upper middle income,Ukraine,2015,74.70,70.31,14.05,4.33,48.86,38.61,32.72,57.62,81.21,0.42,,,
,,ECS,UKR,Upper middle income,Ukraine,2016,69.64,67.60,17.54,3.52,50.34,30.45,26.46,51.43,75.57,0.39,,,
,*New survey*,ECS,UKR,Upper middle income,Ukraine,2017,86.74,82.52,14.91,4.39,48.67,34.71,33.59,58.55,82.37,0.41,,,
,,ECS,UKR,Upper middle income,Ukraine,2018,85.81,80.88,14.46,4.44,44.97,33.82,32.19,57.04,81.27,0.41,,,
,*New survey*,ECS,UKR,Upper middle income,Ukraine,2019,68.09,65.08,14.38,5.38,51.08,36.66,30.69,53.18,79.36,0.42,,,
,,ECS,UKR,Upper middle income,Ukraine,2020,66.45,61.83,15.57,6.10,62.03,44.65,36.16,56.88,81.81,0.46,,,
,,LCN,URY,High income,Uruguay,2008,84.36,71.87,5.31,5.64,28.92,36.17,10.79,41.98,60.32,0.16,,,
,,LCN,URY,High income,Uruguay,2009,91.93,77.04,2.75,5.19,40.63,44.45,8.20,36.90,52.77,0.13,,,
,,LCN,URY,High income,Uruguay,2010,94.26,79.74,2.58,5.26,40.39,45.53,8.39,38.59,55.10,0.13,,,
,,LCN,URY,High income,Uruguay,2011,93.61,78.46,3.06,5.30,41.27,44.26,9.12,37.75,52.79,0.14,,,
,,LCN,URY,High income,Uruguay,2012,95.18,79.91,3.93,5.78,33.30,32.92,8.64,38.29,51.77,0.15,,,
,,LCN,URY,High income,Uruguay,2015,94.75,77.87,5.53,6.82,23.42,32.28,10.86,41.20,56.68,0.17,,,
,,LCN,URY,High income,Uruguay,2016,94.62,77.62,5.66,6.89,23.66,33.20,11.44,42.35,58.77,0.18,,,
,,LCN,URY,High income,Uruguay,2017,94.06,76.78,5.93,11.60,31.50,43.59,20.02,49.45,72.42,0.24,,,
,,LCN,URY,High income,Uruguay,2018,93.88,76.27,6.19,9.21,26.66,34.93,12.24,43.61,61.70,0.18,,,
,,LCN,URY,High income,Uruguay,2019,93.62,76.90,5.95,11.65,33.46,45.32,21.11,50.73,74.54,0.24,,,
,,LCN,URY,High income,Uruguay,2020,89.56,72.65,6.38,8.90,31.08,36.74,15.09,47.53,66.23,0.20,,,
,*New survey*,LCN,URY,High income,Uruguay,2021,88.83,72.42,6.12,8.59,28.32,35.14,14.05,46.50,65.41,0.19,,,
,*New survey*,LCN,URY,High income,Uruguay,2022,87.74,71.66,5.83,8.93,27.74,35.23,13.23,44.64,63.15,0.18,,,
,,ECS,UZB,Lower middle income,Uzbekistan,2018,29.22,25.46,16.13,1.45,58.03,27.30,7.48,23.89,48.67,0.29,,,
,,EAS,VUT,Lower middle income,Vanuatu,2019,5.55,30.35,n.a.,n.a.,n.a.,n.a.,n.a.,n.a.,n.a.,n.a.,,,
,,LCN,VEN,,"Venezuela, RB",2006,9.14,14.52,n.a.,n.a.,n.a.,n.a.,n.a.,n.a.,n.a.,n.a.,,,
,,EAS,VNM,Lower middle income,Vietnam,2006,52.21,37.45,4.68,0.93,28.92,26.33,2.85,16.34,30.84,0.16,,,
,,EAS,VNM,Lower middle income,Vietnam,2010,69.63,55.06,3.06,1.16,12.95,16.75,1.82,14.42,25.40,0.12,,,
,,EAS,VNM,Lower middle income,Vietnam,2012,64.85,40.45,3.81,1.10,5.87,19.88,1.57,10.21,21.20,0.14,,,
,,EAS,VNM,Lower middle income,Vietnam,2014,54.48,34.86,3.68,1.54,7.70,22.52,1.20,11.08,21.35,0.14,,,
,*New survey*,EAS,VNM,Lower middle income,Vietnam,2018,21.59,20.64,8.11,1.35,12.44,10.91,1.47,5.79,12.72,0.19,,,
,*New survey*,EAS,VNM,Lower middle income,Vietnam,2020,89.26,89.41,9.10,2.04,19.05,13.57,8.79,29.25,49.26,0.22,,,
,,MEA,PSE,Lower middle income,West Bank and Gaza,2007,22.50,11.49,n.a.,n.a.,n.a.,n.a.,n.a.,n.a.,n.a.,n.a.,,,
,,MEA,PSE,Lower middle income,West Bank and Gaza,2009,21.37,10.72,18.79,3.74,21.59,20.67,1.30,4.56,10.84,0.36,,,
,,MEA,PSE,Lower middle income,West Bank and Gaza,2016,47.70,24.38,6.54,3.16,3.40,8.75,0.07,3.29,5.72,0.09,,,
,,MEA,YEM,Low income,"Yemen, Rep.",2005,23.25,21.26,10.70,0.46,11.06,9.21,1.27,7.28,13.30,0.19,,,
,,MEA,YEM,Low income,"Yemen, Rep.",2014,46.23,42.86,11.45,0.33,10.27,8.12,2.47,11.21,21.61,0.21,,,
,,SSF,ZMB,Lower middle income,Zambia,2010,0.53,1.77,2.08,1.70,104.26,32.62,0.13,1.35,3.61,0.05,,,
,,SSF,ZMB,Lower middle income,Zambia,2015,0.82,2.31,0.47,1.62,1.82,3.02,0.00,0.24,0.06,0.01,,,
,,SSF,ZWE,Lower middle income,Zimbabwe,2007,28.74,20.90,n.a.,n.a.,n.a.,n.a.,n.a.,n.a.,n.a.,n.a.,,,
,,SSF,ZWE,Lower middle income,Zimbabwe,2011,37.47,29.55,2.21,n.a.,n.a.,n.a.,n.a.,n.a.,n.a.,n.a.,,,
,,SSF,ZWE,Lower middle income,Zimbabwe,2017,15.32,15.31,4.28,0.53,22.50,24.31,0.60,6.73,14.84,0.12,,,
,,SSF,ZWE,Lower middle income,Zimbabwe,2019,58.96,36.74,37.55,n.a.,70.78,22.70,3.33,11.29,37.79,0.18,,,
,,,,,,,,,,,,,,,,,,,
,,,,,,,,,,,,,,,,,,,
,Caveats,,,,,,,,,,,,,,,,,,
,,,,,,,,,,,,,,,,,,,
,"Impacts on poverty and inequality can be estimated only if monetary values are provided for the program in the household survey.  ""n.a"" = information about the program is not available in the survey or monetary values are not provided.",,,,,,,,,,,,,,,,,,
,"It is important to note that the extent to which information on specific social protection and labor (SPL) transfers and programs is captured in the household surveys can vary a lot across countries. Often household surveys do not capture the universe of social protection and labor (SPL) programs in the country, at the best only  the largest programs.  
Therefore, country program information on country SPL programs included in ASPIRE is limited to what is captured by the respective national household surveys only and does not necessarily represent the universe of programs. In addition, the availability of ASPIRE indicators depends on the type of questions included in the survey. If transfer amounts are available, for example, adequacy and impact on poverty indicators can be generated. If only program participation questions are included in the survey, only non-monetary indicators can be generated such as coverage or beneficiary incidence. 
As a consequence, ASPIRE performance indicators are not fully comparable across harmonized program categories and countries. 
However, household surveys have the unique advantage of allowing analysis of program impact on household welfare. With such caveats in mind, ASPIRE indicators based on household surveys provide an approximate measure of social protection systems performance. 
Generally, ASPIRE indicators are based on a first level analysis of original household survey data (with no imputations) and on a unified methodology that does not necessarily reflect country-specific knowledge and in depth country analysis relying on administrative program level data. While efforts are made to ensure consistency between ASPIRE indicators and WB regional and country reports, there may still be cases where ASPIRE performance indicators differ from official WB country reports.",,,,,,,,,,,,,,,,,,
,,,,,,,,,,,,,,,,,,,
,,,,,,,,,,,,,,,,,,,
,,,,,,,,,,,,,,,,,,,
,Indicator definitions,,,,,,,,,,,,,,,,,,
,,,,,,,,,,,,,,,,,,,
,"• Coverage 
Percentage of population participating in Social Protection and Labor programs (includes direct and indirect beneficiaries). The indicator is reported for the entire population and for the poorest quintile of the post-transfer welfare distribution. Specifically the indicator is computed as (Number of individuals in the quintile who live in a household where at least one member receives the transfer)/(Number of individuals in that quintile).",,,,,,,,,,,,,,,,,,
,"• Benefit Incidence  
Percentage of benefits going to the poorest quintile of the post-transfer welfare distribution relative to the total benefits going to the population. Specifically, benefit incidence is (Sum of all transfers received by all individuals in the quintile)/(Sum of all transfers received by all individuals in the population). The indicator includes both direct and indirect beneficiaries.

",,,,,,,,,,,,,,,,,,
,"• Average per capita transfer 
 Average transfer amount of  Social Protection and Labor programs among program beneficiaries (per capita, daily $ppp). The indicator is estimated for the entire population. For each household, per capital average transfer is estimated as total transfers received divided by the household size.
",,,,,,,,,,,,,,,,,,
,"• Adequacy
The total transfer amount received by all beneficiaries in a quintile as a share of the total welfare of beneficiaries in that quintile. The indicator includes both direct and indirect beneficiaries and is reported for all population and the poorest quintile.

",,,,,,,,,,,,,,,,,,
,"• Gini Inequality reduction 
    Gini inequality index reduction due to SPL programs as % of pre-transfer Gini index. 
    Gini inequality reduction is estimated as (Inequality pre transfer- inequality post transfer) / inequality pre transfer
    *Numbers in brackets and red represents increase in inequality due to all SP transfers
",,,,,,,,,,,,,,,,,,
,"• Poverty Headcount reduction 
     Poverty headcount reduction due to SPL programs as % of pre-transfer poverty headcount. 
     Poverty Headcount  reduction is estimated as (poverty headcount pre transfer- poverty headcount post transfer) / poverty headcount pre transfer
",,,,,,,,,,,,,,,,,,
,"• Poverty Gap reduction
    Poverty gap reduction due to SPL programs as % of pre-transfer poverty gap.
    Poverty Gap reduction is estimated as (poverty gap pre  transfer- poverty gap post transfer) / poverty gap pre transfer
",,,,,,,,,,,,,,,,,,
,"• Benefit-Cost Ratio 
   % reduction in poverty gap obtained for each $1 spent in SPL programs. 
  Benefit-cost ratio is estimated as (poverty gap pre-transfer - poverty gap post-transfer )/ total transfer amount",,,,,,,,,,,,,,,,,,
,,"Please note that ASPIRE indicators only refer to SPL programs captured in respective country household surveys,  not necessarily  the universe of SPL programs existing in a given country.",,,,,,,,,,,,,,,,,
,,,,,,,,,,,,,,,,,,,
,,,,,,,,,,,,,,,,,,,
,,,,,,,,,,,,,,,,,,,
,,,,,,,,,,,,,,,,,,,
,,,,,,,,,,,,,,,,,,,
,,,,,,,,,,,,,,,,,,,
,,,,,,,,,,,,,,,,,,,
,,,,,,,,,,,,,,,,,,,
,,,,,,,,,,,,,,,,,,,
